Season,Team,Lge,GP,G,A,Pts,PIM,+/-,GP_playoffs,G_playoffs,A_playoffs,Pts_playoffs,PIM_playoffs,player_name,position,Min,GA,EN,SO,GAA,W,L,T,Svs,Pct
1996-97,Rimouski Oceanic,QMJHL,64,42,60,102,36,--,4,4,3,7,2,Vincent Lecavalier,Center,NA,NA,NA,NA,NA,NA,NA,NA,NA,NA
1997-98,Rimouski Oceanic,QMJHL,58,44,71,115,117,--,18,15,26,41,46,Vincent Lecavalier,Center,NA,NA,NA,NA,NA,NA,NA,NA,NA,NA
1998-99,Tampa Bay Lightning,NHL,82,13,15,28,23,-19,--,--,--,--,--,Vincent Lecavalier,Center,NA,NA,NA,NA,NA,NA,NA,NA,NA,NA
1999-00,Tampa Bay Lightning,NHL,80,25,42,67,43,-25,--,--,--,--,--,Vincent Lecavalier,Center,NA,NA,NA,NA,NA,NA,NA,NA,NA,NA
2000-01,Tampa Bay Lightning,NHL,68,23,28,51,66,-26,--,--,--,--,--,Vincent Lecavalier,Center,NA,NA,NA,NA,NA,NA,NA,NA,NA,NA
2001-02,Tampa Bay Lightning,NHL,76,20,17,37,61,-18,--,--,--,--,--,Vincent Lecavalier,Center,NA,NA,NA,NA,NA,NA,NA,NA,NA,NA
2002-03,Tampa Bay Lightning,NHL,80,33,45,78,39,0,11,3,3,6,22,Vincent Lecavalier,Center,NA,NA,NA,NA,NA,NA,NA,NA,NA,NA
2003-04,Tampa Bay Lightning,NHL,81,32,34,66,52,23,23,9,7,16,25,Vincent Lecavalier,Center,NA,NA,NA,NA,NA,NA,NA,NA,NA,NA
2004-05,Kazan Ak-Bars,Russia,30,7,8,15,78,--,4,1,0,1,6,Vincent Lecavalier,Center,NA,NA,NA,NA,NA,NA,NA,NA,NA,NA
2005-06,Tampa Bay Lightning,NHL,80,35,40,75,90,0,5,1,3,4,7,Vincent Lecavalier,Center,NA,NA,NA,NA,NA,NA,NA,NA,NA,NA
2006-07,Tampa Bay Lightning,NHL,82,52,56,108,44,2,6,5,2,7,10,Vincent Lecavalier,Center,NA,NA,NA,NA,NA,NA,NA,NA,NA,NA
2007-08,Tampa Bay Lightning,NHL,81,40,52,92,89,-17,--,--,--,--,--,Vincent Lecavalier,Center,NA,NA,NA,NA,NA,NA,NA,NA,NA,NA
2008-09,Tampa Bay Lightning,NHL,77,29,38,67,54,-9,--,--,--,--,--,Vincent Lecavalier,Center,NA,NA,NA,NA,NA,NA,NA,NA,NA,NA
2009-10,Tampa Bay Lightning,NHL,82,24,46,70,63,-16,--,--,--,--,--,Vincent Lecavalier,Center,NA,NA,NA,NA,NA,NA,NA,NA,NA,NA
2010-11,Tampa Bay Lightning,NHL,65,25,29,54,43,-5,18,6,13,19,16,Vincent Lecavalier,Center,NA,NA,NA,NA,NA,NA,NA,NA,NA,NA
2011-12,Tampa Bay Lightning,NHL,64,22,27,49,50,-2,--,--,--,--,--,Vincent Lecavalier,Center,NA,NA,NA,NA,NA,NA,NA,NA,NA,NA
2012-13,Tampa Bay Lightning,NHL,39,10,22,32,29,-5,--,--,--,--,--,Vincent Lecavalier,Center,NA,NA,NA,NA,NA,NA,NA,NA,NA,NA
2013-14,Philadelphia Flyers,NHL,69,20,17,37,44,-16,7,1,1,2,2,Vincent Lecavalier,Center,NA,NA,NA,NA,NA,NA,NA,NA,NA,NA
2014-15,Philadelphia Flyers,NHL,57,8,12,20,36,-7,--,--,--,--,--,Vincent Lecavalier,Center,NA,NA,NA,NA,NA,NA,NA,NA,NA,NA
2015-16,Philadelphia Flyers,NHL,7,0,1,1,2,-1,--,--,--,--,--,Vincent Lecavalier,Center,NA,NA,NA,NA,NA,NA,NA,NA,NA,NA
2015-16,Los Angeles Kings,NHL,42,10,7,17,20,1,5,1,1,2,2,Vincent Lecavalier,Center,NA,NA,NA,NA,NA,NA,NA,NA,NA,NA
1996-97,Compuware Ambassadors,"NAHL",44,21,41,62,58,--,,,,,,David Legwand,Center,NA,NA,NA,NA,NA,NA,NA,NA,NA,NA
1997-98,Plymouth Whalers,OHL,59,54,51,105,56,--,15,8,12,20,24,David Legwand,Center,NA,NA,NA,NA,NA,NA,NA,NA,NA,NA
1998-99,Plymouth Whalers,OHL,55,31,49,80,65,32,11,3,8,11,8,David Legwand,Center,NA,NA,NA,NA,NA,NA,NA,NA,NA,NA
1998-99,Nashville Predators,NHL,1,0,0,0,0,0,--,--,--,--,--,David Legwand,Center,NA,NA,NA,NA,NA,NA,NA,NA,NA,NA
1999-00,Nashville Predators,NHL,71,13,15,28,30,-6,--,--,--,--,--,David Legwand,Center,NA,NA,NA,NA,NA,NA,NA,NA,NA,NA
2000-01,Nashville Predators,NHL,81,13,28,41,38,1,--,--,--,--,--,David Legwand,Center,NA,NA,NA,NA,NA,NA,NA,NA,NA,NA
2001-02,Nashville Predators,NHL,63,11,19,30,54,1,--,--,--,--,--,David Legwand,Center,NA,NA,NA,NA,NA,NA,NA,NA,NA,NA
2002-03,Nashville Predators,NHL,64,17,31,48,34,-2,--,--,--,--,--,David Legwand,Center,NA,NA,NA,NA,NA,NA,NA,NA,NA,NA
2003-04,Nashville Predators,NHL,82,18,29,47,46,9,6,1,0,1,8,David Legwand,Center,NA,NA,NA,NA,NA,NA,NA,NA,NA,NA
2004-05,Basel EHC,Swiss-B,3,6,2,8,2,--,,,,,,David Legwand,Center,NA,NA,NA,NA,NA,NA,NA,NA,NA,NA
2005-06,Nashville Predators,NHL,44,7,19,26,34,3,5,0,1,1,8,David Legwand,Center,NA,NA,NA,NA,NA,NA,NA,NA,NA,NA
2005-06,Milwaukee Admirals,AHL,3,0,0,0,0,-1,--,--,--,--,--,David Legwand,Center,NA,NA,NA,NA,NA,NA,NA,NA,NA,NA
2006-07,Nashville Predators,NHL,78,27,36,63,44,23,5,0,3,3,2,David Legwand,Center,NA,NA,NA,NA,NA,NA,NA,NA,NA,NA
2007-08,Nashville Predators,NHL,65,15,29,44,38,-4,3,1,0,1,2,David Legwand,Center,NA,NA,NA,NA,NA,NA,NA,NA,NA,NA
2008-09,Nashville Predators,NHL,73,20,22,42,32,-3,--,--,--,--,--,David Legwand,Center,NA,NA,NA,NA,NA,NA,NA,NA,NA,NA
2009-10,Nashville Predators,NHL,82,11,27,38,24,-5,6,2,5,7,8,David Legwand,Center,NA,NA,NA,NA,NA,NA,NA,NA,NA,NA
2010-11,Nashville Predators,NHL,64,17,24,41,24,13,12,6,3,9,8,David Legwand,Center,NA,NA,NA,NA,NA,NA,NA,NA,NA,NA
2011-12,Nashville Predators,NHL,78,19,34,53,26,3,10,3,3,6,10,David Legwand,Center,NA,NA,NA,NA,NA,NA,NA,NA,NA,NA
2012-13,Nashville Predators,NHL,48,12,13,25,20,-6,--,--,--,--,--,David Legwand,Center,NA,NA,NA,NA,NA,NA,NA,NA,NA,NA
2013-14,Nashville Predators,NHL,62,10,30,40,30,-8,--,--,--,--,--,David Legwand,Center,NA,NA,NA,NA,NA,NA,NA,NA,NA,NA
2013-14,Detroit Red Wings,NHL,21,4,7,11,31,-9,5,0,0,0,0,David Legwand,Center,NA,NA,NA,NA,NA,NA,NA,NA,NA,NA
2014-15,Ottawa Senators,NHL,80,9,18,27,32,1,3,0,0,0,0,David Legwand,Center,NA,NA,NA,NA,NA,NA,NA,NA,NA,NA
2015-16,Buffalo Sabres,NHL,79,5,9,14,14,-4,--,--,--,--,--,David Legwand,Center,NA,NA,NA,NA,NA,NA,NA,NA,NA,NA
1995-96,Regina Pats,WHL,3,0,0,0,0,--,--,--,--,--,--,Brad Stuart,Defense,NA,NA,NA,NA,NA,NA,NA,NA,NA,NA
1996-97,Regina Pats,WHL,57,7,36,43,58,--,5,0,4,4,14,Brad Stuart,Defense,NA,NA,NA,NA,NA,NA,NA,NA,NA,NA
1997-98,Regina Pats,WHL,72,20,45,65,82,--,9,3,4,7,10,Brad Stuart,Defense,NA,NA,NA,NA,NA,NA,NA,NA,NA,NA
1998-99,Calgary Hitmen,WHL,30,11,22,33,26,22,21,8,15,23,59,Brad Stuart,Defense,NA,NA,NA,NA,NA,NA,NA,NA,NA,NA
1998-99,Regina Pats,WHL,29,10,19,29,43,-7,--,--,--,--,--,Brad Stuart,Defense,NA,NA,NA,NA,NA,NA,NA,NA,NA,NA
1999-00,San Jose Sharks,NHL,82,10,26,36,32,3,12,1,0,1,6,Brad Stuart,Defense,NA,NA,NA,NA,NA,NA,NA,NA,NA,NA
2000-01,San Jose Sharks,NHL,77,5,18,23,56,10,5,1,0,1,0,Brad Stuart,Defense,NA,NA,NA,NA,NA,NA,NA,NA,NA,NA
2001-02,San Jose Sharks,NHL,82,6,23,29,39,13,12,0,3,3,8,Brad Stuart,Defense,NA,NA,NA,NA,NA,NA,NA,NA,NA,NA
2002-03,San Jose Sharks,NHL,36,4,10,14,46,-6,--,--,--,--,--,Brad Stuart,Defense,NA,NA,NA,NA,NA,NA,NA,NA,NA,NA
2003-04,San Jose Sharks,NHL,77,9,30,39,34,9,17,1,5,6,13,Brad Stuart,Defense,NA,NA,NA,NA,NA,NA,NA,NA,NA,NA
2005-06,San Jose Sharks,NHL,23,2,10,12,14,-2,--,--,--,--,--,Brad Stuart,Defense,NA,NA,NA,NA,NA,NA,NA,NA,NA,NA
2005-06,Boston Bruins,NHL,55,10,21,31,38,-6,--,--,--,--,--,Brad Stuart,Defense,NA,NA,NA,NA,NA,NA,NA,NA,NA,NA
2006-07,Boston Bruins,NHL,48,7,10,17,26,-22,--,--,--,--,--,Brad Stuart,Defense,NA,NA,NA,NA,NA,NA,NA,NA,NA,NA
2006-07,Calgary Flames,NHL,27,0,5,5,18,12,6,0,1,1,6,Brad Stuart,Defense,NA,NA,NA,NA,NA,NA,NA,NA,NA,NA
2007-08,Los Angeles Kings,NHL,63,5,16,21,67,-16,--,--,--,--,--,Brad Stuart,Defense,NA,NA,NA,NA,NA,NA,NA,NA,NA,NA
2007-08,Detroit Red Wings,NHL,9,1,1,2,2,6,21,1,6,7,14,Brad Stuart,Defense,NA,NA,NA,NA,NA,NA,NA,NA,NA,NA
2008-09,Detroit Red Wings,NHL,67,2,13,15,26,-3,23,3,6,9,12,Brad Stuart,Defense,NA,NA,NA,NA,NA,NA,NA,NA,NA,NA
2009-10,Detroit Red Wings,NHL,82,4,16,20,22,-12,12,2,4,6,8,Brad Stuart,Defense,NA,NA,NA,NA,NA,NA,NA,NA,NA,NA
2010-11,Detroit Red Wings,NHL,67,3,17,20,40,4,11,0,2,2,8,Brad Stuart,Defense,NA,NA,NA,NA,NA,NA,NA,NA,NA,NA
2011-12,Detroit Red Wings,NHL,81,6,15,21,29,16,5,0,1,1,0,Brad Stuart,Defense,NA,NA,NA,NA,NA,NA,NA,NA,NA,NA
2012-13,San Jose Sharks,NHL,48,0,6,6,25,4,11,1,2,3,2,Brad Stuart,Defense,NA,NA,NA,NA,NA,NA,NA,NA,NA,NA
2013-14,San Jose Sharks,NHL,61,3,8,11,35,4,7,0,0,0,0,Brad Stuart,Defense,NA,NA,NA,NA,NA,NA,NA,NA,NA,NA
2014-15,Colorado Avalanche,NHL,65,3,10,13,16,-4,--,--,--,--,--,Brad Stuart,Defense,NA,NA,NA,NA,NA,NA,NA,NA,NA,NA
2015-16,Colorado Avalanche,NHL,6,0,0,0,0,-2,--,--,--,--,--,Brad Stuart,Defense,NA,NA,NA,NA,NA,NA,NA,NA,NA,NA
1996-97,Oshawa Generals,OHL,60,2,4,6,76,--,18,1,3,4,26,Bryan Allen,Defense,NA,NA,NA,NA,NA,NA,NA,NA,NA,NA
1997-98,Oshawa Generals,OHL,48,6,13,19,126,--,5,0,5,5,18,Bryan Allen,Defense,NA,NA,NA,NA,NA,NA,NA,NA,NA,NA
1998-99,Oshawa Generals,OHL,37,7,15,22,77,14,15,0,3,3,26,Bryan Allen,Defense,NA,NA,NA,NA,NA,NA,NA,NA,NA,NA
1999-00,Oshawa Generals,OHL,3,0,2,2,12,1,3,0,0,0,13,Bryan Allen,Defense,NA,NA,NA,NA,NA,NA,NA,NA,NA,NA
1999-00,Syracuse Crunch,AHL,9,1,1,2,11,0,2,0,0,0,2,Bryan Allen,Defense,NA,NA,NA,NA,NA,NA,NA,NA,NA,NA
2000-01,Vancouver Canucks,NHL,6,0,0,0,0,0,2,0,0,0,2,Bryan Allen,Defense,NA,NA,NA,NA,NA,NA,NA,NA,NA,NA
2000-01,Kansas City Blades,IHL,75,5,20,25,99,-15,--,--,--,--,--,Bryan Allen,Defense,NA,NA,NA,NA,NA,NA,NA,NA,NA,NA
2001-02,Manitoba Moose,AHL,68,7,18,25,121,1,5,0,1,1,8,Bryan Allen,Defense,NA,NA,NA,NA,NA,NA,NA,NA,NA,NA
2001-02,Vancouver Canucks,NHL,11,0,0,0,6,1,--,--,--,--,--,Bryan Allen,Defense,NA,NA,NA,NA,NA,NA,NA,NA,NA,NA
2002-03,Manitoba Moose,AHL,7,0,1,1,4,3,--,--,--,--,--,Bryan Allen,Defense,NA,NA,NA,NA,NA,NA,NA,NA,NA,NA
2002-03,Vancouver Canucks,NHL,48,5,3,8,73,8,1,0,0,0,2,Bryan Allen,Defense,NA,NA,NA,NA,NA,NA,NA,NA,NA,NA
2003-04,Vancouver Canucks,NHL,74,2,5,7,94,-10,4,0,0,0,2,Bryan Allen,Defense,NA,NA,NA,NA,NA,NA,NA,NA,NA,NA
2004-05,Voskresensk Khimik,Russia,19,0,2,2,34,--,--,--,--,--,--,Bryan Allen,Defense,NA,NA,NA,NA,NA,NA,NA,NA,NA,NA
2005-06,Vancouver Canucks,NHL,77,7,10,17,115,4,--,--,--,--,--,Bryan Allen,Defense,NA,NA,NA,NA,NA,NA,NA,NA,NA,NA
2006-07,Florida Panthers,NHL,82,4,21,25,112,7,--,--,--,--,--,Bryan Allen,Defense,NA,NA,NA,NA,NA,NA,NA,NA,NA,NA
2007-08,Florida Panthers,NHL,73,2,14,16,67,5,--,--,--,--,--,Bryan Allen,Defense,NA,NA,NA,NA,NA,NA,NA,NA,NA,NA
2008-09,Florida Panthers,NHL,2,0,1,1,0,2,--,--,--,--,--,Bryan Allen,Defense,NA,NA,NA,NA,NA,NA,NA,NA,NA,NA
2009-10,Florida Panthers,NHL,74,4,9,13,99,-8,--,--,--,--,--,Bryan Allen,Defense,NA,NA,NA,NA,NA,NA,NA,NA,NA,NA
2010-11,Florida Panthers,NHL,53,4,8,12,63,-5,--,--,--,--,--,Bryan Allen,Defense,NA,NA,NA,NA,NA,NA,NA,NA,NA,NA
2010-11,Carolina Hurricanes,NHL,19,0,5,5,19,4,--,--,--,--,--,Bryan Allen,Defense,NA,NA,NA,NA,NA,NA,NA,NA,NA,NA
2011-12,Carolina Hurricanes,NHL,82,1,13,14,76,-1,--,--,--,--,--,Bryan Allen,Defense,NA,NA,NA,NA,NA,NA,NA,NA,NA,NA
2012-13,Anaheim Ducks,NHL,41,0,6,6,34,1,7,0,1,1,2,Bryan Allen,Defense,NA,NA,NA,NA,NA,NA,NA,NA,NA,NA
2013-14,Anaheim Ducks,NHL,68,0,10,10,75,20,13,1,0,1,28,Bryan Allen,Defense,NA,NA,NA,NA,NA,NA,NA,NA,NA,NA
2014-15,Anaheim Ducks,NHL,6,0,1,1,4,0,--,--,--,--,--,Bryan Allen,Defense,NA,NA,NA,NA,NA,NA,NA,NA,NA,NA
2014-15,Norfolk Admirals,AHL,2,0,0,0,0,0,--,--,--,--,--,Bryan Allen,Defense,NA,NA,NA,NA,NA,NA,NA,NA,NA,NA
2014-15,Montreal Canadiens,NHL,5,0,1,1,2,-2,--,--,--,--,--,Bryan Allen,Defense,NA,NA,NA,NA,NA,NA,NA,NA,NA,NA
2014-15,Hamilton Bulldogs,AHL,35,1,5,6,24,-6,--,--,--,--,--,Bryan Allen,Defense,NA,NA,NA,NA,NA,NA,NA,NA,NA,NA
1998-99,Yaroslavl Torpedo,Russia,34,3,4,7,38,--,10,0,0,0,4,Vitaly Vishnevsky,Defense,NA,NA,NA,NA,NA,NA,NA,NA,NA,NA
1999-00,Cincinnati Mighty Ducks,AHL,35,1,3,4,45,-6,--,--,--,--,--,Vitaly Vishnevsky,Defense,NA,NA,NA,NA,NA,NA,NA,NA,NA,NA
1999-00,Anaheim Mighty Ducks,NHL,31,1,1,2,26,0,--,--,--,--,--,Vitaly Vishnevsky,Defense,NA,NA,NA,NA,NA,NA,NA,NA,NA,NA
2000-01,Anaheim Mighty Ducks,NHL,76,1,10,11,99,-1,--,--,--,--,--,Vitaly Vishnevsky,Defense,NA,NA,NA,NA,NA,NA,NA,NA,NA,NA
2001-02,Anaheim Mighty Ducks,NHL,74,0,3,3,60,-10,--,--,--,--,--,Vitaly Vishnevsky,Defense,NA,NA,NA,NA,NA,NA,NA,NA,NA,NA
2002-03,Anaheim Mighty Ducks,NHL,80,2,6,8,76,-8,21,0,1,1,6,Vitaly Vishnevsky,Defense,NA,NA,NA,NA,NA,NA,NA,NA,NA,NA
2003-04,Anaheim Mighty Ducks,NHL,73,6,10,16,51,0,--,--,--,--,--,Vitaly Vishnevsky,Defense,NA,NA,NA,NA,NA,NA,NA,NA,NA,NA
2004-05,Voskresensk Khimik,Russia,50,7,14,21,92,--,--,--,--,--,--,Vitaly Vishnevsky,Defense,NA,NA,NA,NA,NA,NA,NA,NA,NA,NA
2005-06,Anaheim Mighty Ducks,NHL,82,1,7,8,91,8,16,0,4,4,10,Vitaly Vishnevsky,Defense,NA,NA,NA,NA,NA,NA,NA,NA,NA,NA
2006-07,Atlanta Thrashers,NHL,52,3,9,12,31,-5,--,--,--,--,--,Vitaly Vishnevsky,Defense,NA,NA,NA,NA,NA,NA,NA,NA,NA,NA
2006-07,Nashville Predators,NHL,15,0,1,1,10,1,--,--,--,--,--,Vitaly Vishnevsky,Defense,NA,NA,NA,NA,NA,NA,NA,NA,NA,NA
2007-08,New Jersey Devils,NHL,69,2,5,7,50,-12,3,0,0,0,2,Vitaly Vishnevsky,Defense,NA,NA,NA,NA,NA,NA,NA,NA,NA,NA
2008-09,Yaroslavl Lokomotiv,KHL,53,8,13,21,124,6,19,2,7,9,44,Vitaly Vishnevsky,Defense,NA,NA,NA,NA,NA,NA,NA,NA,NA,NA
2009-10,Yaroslavl Lokomotiv,KHL,55,5,14,19,68,23,17,0,9,9,32,Vitaly Vishnevsky,Defense,NA,NA,NA,NA,NA,NA,NA,NA,NA,NA
2010-11,St. Petersburg SKA,KHL,49,7,8,15,44,17,11,0,1,1,4,Vitaly Vishnevsky,Defense,NA,NA,NA,NA,NA,NA,NA,NA,NA,NA
2011-12,St. Petersburg SKA,KHL,54,3,4,7,89,13,,,,,,Vitaly Vishnevsky,Defense,NA,NA,NA,NA,NA,NA,NA,NA,NA,NA
2012-13,Yaroslavl Lokomotiv,KHL,52,2,4,6,36,13,6,0,0,0,2,Vitaly Vishnevsky,Defense,NA,NA,NA,NA,NA,NA,NA,NA,NA,NA
2013-14,Yaroslavl Lokomotiv,KHL,52,1,4,5,22,5,18,1,0,1,2,Vitaly Vishnevsky,Defense,NA,NA,NA,NA,NA,NA,NA,NA,NA,NA
2014-15,Yaroslavl Lokomotiv,KHL,43,0,3,3,16,0,1,0,0,0,0,Vitaly Vishnevsky,Defense,NA,NA,NA,NA,NA,NA,NA,NA,NA,NA
2017-18,Cherepovets Severstal,KHL,51,1,5,6,26,5,4,0,0,0,1,Vitaly Vishnevsky,Defense,NA,NA,NA,NA,NA,NA,NA,NA,NA,NA
1995-96,Soo Greyhounds,OHL,62,11,15,26,52,--,4,0,0,0,0,Rico Fata,Right Wing,NA,NA,NA,NA,NA,NA,NA,NA,NA,NA
1996-97,London Knights,OHL,59,19,34,53,76,--,--,--,--,--,--,Rico Fata,Right Wing,NA,NA,NA,NA,NA,NA,NA,NA,NA,NA
1997-98,London Knights,OHL,64,43,33,76,110,--,16,9,5,14,49,Rico Fata,Right Wing,NA,NA,NA,NA,NA,NA,NA,NA,NA,NA
1998-99,London Knights,OHL,23,15,18,33,41,3,25,10,12,22,42,Rico Fata,Right Wing,NA,NA,NA,NA,NA,NA,NA,NA,NA,NA
1998-99,Calgary Flames,NHL,20,0,1,1,4,0,--,--,--,--,--,Rico Fata,Right Wing,NA,NA,NA,NA,NA,NA,NA,NA,NA,NA
1999-00,Calgary Flames,NHL,2,0,0,0,0,-1,--,--,--,--,--,Rico Fata,Right Wing,NA,NA,NA,NA,NA,NA,NA,NA,NA,NA
1999-00,Saint John Flames,AHL,76,29,29,58,65,-11,3,0,0,0,4,Rico Fata,Right Wing,NA,NA,NA,NA,NA,NA,NA,NA,NA,NA
2000-01,Calgary Flames,NHL,5,0,0,0,6,-3,--,--,--,--,--,Rico Fata,Right Wing,NA,NA,NA,NA,NA,NA,NA,NA,NA,NA
2000-01,Saint John Flames,AHL,70,23,29,52,129,10,19,2,3,5,22,Rico Fata,Right Wing,NA,NA,NA,NA,NA,NA,NA,NA,NA,NA
2001-02,New York Rangers,NHL,10,0,0,0,0,-2,--,--,--,--,--,Rico Fata,Right Wing,NA,NA,NA,NA,NA,NA,NA,NA,NA,NA
2001-02,Hartford Wolf Pack,AHL,61,35,36,71,36,27,10,2,5,7,4,Rico Fata,Right Wing,NA,NA,NA,NA,NA,NA,NA,NA,NA,NA
2002-03,Hartford Wolf Pack,AHL,9,8,6,14,6,4,--,--,--,--,--,Rico Fata,Right Wing,NA,NA,NA,NA,NA,NA,NA,NA,NA,NA
2002-03,New York Rangers,NHL,36,2,4,6,6,-1,--,--,--,--,--,Rico Fata,Right Wing,NA,NA,NA,NA,NA,NA,NA,NA,NA,NA
2002-03,Pittsburgh Penguins,NHL,27,5,8,13,10,-6,--,--,--,--,--,Rico Fata,Right Wing,NA,NA,NA,NA,NA,NA,NA,NA,NA,NA
2003-04,Pittsburgh Penguins,NHL,73,16,18,34,54,-46,--,--,--,--,--,Rico Fata,Right Wing,NA,NA,NA,NA,NA,NA,NA,NA,NA,NA
2004-05,Asiago HC,Italy-A,35,18,20,38,36,--,,,,,,Rico Fata,Right Wing,NA,NA,NA,NA,NA,NA,NA,NA,NA,NA
2005-06,Pittsburgh Penguins,NHL,20,0,0,0,10,-5,--,--,--,--,--,Rico Fata,Right Wing,NA,NA,NA,NA,NA,NA,NA,NA,NA,NA
2005-06,Wilkes-Barre/Scranton Penguins,AHL,25,8,10,18,39,7,--,--,--,--,--,Rico Fata,Right Wing,NA,NA,NA,NA,NA,NA,NA,NA,NA,NA
2005-06,Atlanta Thrashers,NHL,6,0,1,1,4,-2,--,--,--,--,--,Rico Fata,Right Wing,NA,NA,NA,NA,NA,NA,NA,NA,NA,NA
2005-06,Washington Capitals,NHL,21,3,3,6,8,3,--,--,--,--,--,Rico Fata,Right Wing,NA,NA,NA,NA,NA,NA,NA,NA,NA,NA
2006-07,Washington Capitals,NHL,10,1,1,2,2,3,--,--,--,--,--,Rico Fata,Right Wing,NA,NA,NA,NA,NA,NA,NA,NA,NA,NA
2006-07,Mannheim Eagles,DEL,29,8,10,18,12,-10,11,2,4,6,8,Rico Fata,Right Wing,NA,NA,NA,NA,NA,NA,NA,NA,NA,NA
2007-08,Mannheim Eagles,DEL,53,7,14,21,67,-10,5,0,2,2,2,Rico Fata,Right Wing,NA,NA,NA,NA,NA,NA,NA,NA,NA,NA
2008-09,Biel HC,Swiss-A,45,18,19,37,44,-5,,,,,,Rico Fata,Right Wing,NA,NA,NA,NA,NA,NA,NA,NA,NA,NA
2009-10,Biel HC,Swiss-A,41,15,16,31,28,-11,,,,,,Rico Fata,Right Wing,NA,NA,NA,NA,NA,NA,NA,NA,NA,NA
2010-11,Biel HC,Swiss-A,47,13,21,34,16,-18,,,,,,Rico Fata,Right Wing,NA,NA,NA,NA,NA,NA,NA,NA,NA,NA
2011-12,Lausanne HC,Swiss-B,1,0,0,0,0,--,,,,,,Rico Fata,Right Wing,NA,NA,NA,NA,NA,NA,NA,NA,NA,NA
2011-12,Geneve Servette,Swiss-A,50,17,16,33,26,-6,--,--,--,--,--,Rico Fata,Right Wing,NA,NA,NA,NA,NA,NA,NA,NA,NA,NA
2012-13,Geneve Servette,Swiss-A,41,8,16,24,20,3,1,0,0,0,2,Rico Fata,Right Wing,NA,NA,NA,NA,NA,NA,NA,NA,NA,NA
2013-14,HIFK Helsinki,SM-liiga,10,2,1,3,2,-2,--,--,--,--,--,Rico Fata,Right Wing,NA,NA,NA,NA,NA,NA,NA,NA,NA,NA
1996-97,Guelph Storm,OHL,61,16,28,44,26,--,18,7,7,14,11,Manny Malhotra,Center,NA,NA,NA,NA,NA,NA,NA,NA,NA,NA
1997-98,Guelph Storm,OHL,57,16,35,51,29,--,12,7,6,13,8,Manny Malhotra,Center,NA,NA,NA,NA,NA,NA,NA,NA,NA,NA
1998-99,New York Rangers,NHL,73,8,8,16,13,-2,--,--,--,--,--,Manny Malhotra,Center,NA,NA,NA,NA,NA,NA,NA,NA,NA,NA
1999-00,New York Rangers,NHL,27,0,0,0,4,-6,--,--,--,--,--,Manny Malhotra,Center,NA,NA,NA,NA,NA,NA,NA,NA,NA,NA
1999-00,Guelph Storm,OHL,5,2,2,4,4,3,6,0,2,2,4,Manny Malhotra,Center,NA,NA,NA,NA,NA,NA,NA,NA,NA,NA
1999-00,Hartford Wolf Pack,AHL,12,1,5,6,2,0,23,1,2,3,10,Manny Malhotra,Center,NA,NA,NA,NA,NA,NA,NA,NA,NA,NA
2000-01,New York Rangers,NHL,50,4,8,12,31,-10,--,--,--,--,--,Manny Malhotra,Center,NA,NA,NA,NA,NA,NA,NA,NA,NA,NA
2000-01,Hartford Wolf Pack,AHL,28,5,6,11,69,5,5,0,0,0,0,Manny Malhotra,Center,NA,NA,NA,NA,NA,NA,NA,NA,NA,NA
2001-02,New York Rangers,NHL,56,7,6,13,42,-1,--,--,--,--,--,Manny Malhotra,Center,NA,NA,NA,NA,NA,NA,NA,NA,NA,NA
2001-02,Dallas Stars,NHL,16,1,0,1,5,-3,--,--,--,--,--,Manny Malhotra,Center,NA,NA,NA,NA,NA,NA,NA,NA,NA,NA
2002-03,Dallas Stars,NHL,59,3,7,10,42,-2,5,1,0,1,0,Manny Malhotra,Center,NA,NA,NA,NA,NA,NA,NA,NA,NA,NA
2003-04,Dallas Stars,NHL,9,0,0,0,4,-2,--,--,--,--,--,Manny Malhotra,Center,NA,NA,NA,NA,NA,NA,NA,NA,NA,NA
2003-04,Columbus Blue Jackets,NHL,56,12,13,25,24,-5,--,--,--,--,--,Manny Malhotra,Center,NA,NA,NA,NA,NA,NA,NA,NA,NA,NA
2004-05,HV71 Jonkoping,SEL,20,5,2,7,16,-6,--,--,--,--,--,Manny Malhotra,Center,NA,NA,NA,NA,NA,NA,NA,NA,NA,NA
2005-06,Columbus Blue Jackets,NHL,58,10,21,31,41,1,--,--,--,--,--,Manny Malhotra,Center,NA,NA,NA,NA,NA,NA,NA,NA,NA,NA
2006-07,Columbus Blue Jackets,NHL,82,9,16,25,76,-8,--,--,--,--,--,Manny Malhotra,Center,NA,NA,NA,NA,NA,NA,NA,NA,NA,NA
2007-08,Columbus Blue Jackets,NHL,71,11,18,29,34,-3,--,--,--,--,--,Manny Malhotra,Center,NA,NA,NA,NA,NA,NA,NA,NA,NA,NA
2008-09,Columbus Blue Jackets,NHL,77,11,24,35,28,9,4,0,0,0,0,Manny Malhotra,Center,NA,NA,NA,NA,NA,NA,NA,NA,NA,NA
2009-10,San Jose Sharks,NHL,71,14,19,33,41,17,15,1,0,1,0,Manny Malhotra,Center,NA,NA,NA,NA,NA,NA,NA,NA,NA,NA
2010-11,Vancouver Canucks,NHL,72,11,19,30,22,9,6,0,0,0,0,Manny Malhotra,Center,NA,NA,NA,NA,NA,NA,NA,NA,NA,NA
2011-12,Vancouver Canucks,NHL,78,7,11,18,14,-11,5,0,0,0,0,Manny Malhotra,Center,NA,NA,NA,NA,NA,NA,NA,NA,NA,NA
2012-13,Vancouver Canucks,NHL,9,0,0,0,0,-3,--,--,--,--,--,Manny Malhotra,Center,NA,NA,NA,NA,NA,NA,NA,NA,NA,NA
2013-14,Charlotte Checkers,AHL,8,0,0,0,17,-2,--,--,--,--,--,Manny Malhotra,Center,NA,NA,NA,NA,NA,NA,NA,NA,NA,NA
2013-14,Carolina Hurricanes,NHL,69,7,6,13,18,0,--,--,--,--,--,Manny Malhotra,Center,NA,NA,NA,NA,NA,NA,NA,NA,NA,NA
2014-15,Montreal Canadiens,NHL,58,1,3,4,12,-6,--,--,--,--,--,Manny Malhotra,Center,NA,NA,NA,NA,NA,NA,NA,NA,NA,NA
2015-16,Lake Erie Monsters,AHL,23,4,2,6,6,-7,--,--,--,--,--,Manny Malhotra,Center,NA,NA,NA,NA,NA,NA,NA,NA,NA,NA
1995-96,Stratford Cullitons,MwJHL,47,8,15,23,32,--,,,,,,Mark Bell,Center,NA,NA,NA,NA,NA,NA,NA,NA,NA,NA
1996-97,Ottawa 67's,OHL,65,8,12,20,40,--,24,4,7,11,13,Mark Bell,Center,NA,NA,NA,NA,NA,NA,NA,NA,NA,NA
1997-98,Ottawa 67's,OHL,55,34,26,60,87,--,13,6,5,11,14,Mark Bell,Center,NA,NA,NA,NA,NA,NA,NA,NA,NA,NA
1998-99,Ottawa 67's,OHL,44,29,26,55,69,28,9,6,5,11,8,Mark Bell,Center,NA,NA,NA,NA,NA,NA,NA,NA,NA,NA
1999-00,Ottawa 67's,OHL,48,34,38,72,95,11,2,0,1,1,0,Mark Bell,Center,NA,NA,NA,NA,NA,NA,NA,NA,NA,NA
2000-01,Norfolk Admirals,AHL,61,15,27,42,126,10,9,4,3,7,10,Mark Bell,Center,NA,NA,NA,NA,NA,NA,NA,NA,NA,NA
2000-01,Chicago Blackhawks,NHL,13,0,1,1,4,0,--,--,--,--,--,Mark Bell,Center,NA,NA,NA,NA,NA,NA,NA,NA,NA,NA
2001-02,Chicago Blackhawks,NHL,80,12,16,28,124,-6,5,0,0,0,8,Mark Bell,Center,NA,NA,NA,NA,NA,NA,NA,NA,NA,NA
2002-03,Chicago Blackhawks,NHL,82,14,15,29,113,0,--,--,--,--,--,Mark Bell,Center,NA,NA,NA,NA,NA,NA,NA,NA,NA,NA
2003-04,Chicago Blackhawks,NHL,82,21,24,45,106,-14,--,--,--,--,--,Mark Bell,Center,NA,NA,NA,NA,NA,NA,NA,NA,NA,NA
2005-06,Chicago Blackhawks,NHL,82,25,23,48,107,-14,--,--,--,--,--,Mark Bell,Center,NA,NA,NA,NA,NA,NA,NA,NA,NA,NA
2006-07,San Jose Sharks,NHL,71,11,10,21,83,-9,4,0,0,0,2,Mark Bell,Center,NA,NA,NA,NA,NA,NA,NA,NA,NA,NA
2007-08,Toronto Maple Leafs,NHL,35,4,6,10,60,-2,--,--,--,--,--,Mark Bell,Center,NA,NA,NA,NA,NA,NA,NA,NA,NA,NA
2008-09,Toronto Marlies,AHL,56,12,15,27,34,-5,--,--,--,--,--,Mark Bell,Center,NA,NA,NA,NA,NA,NA,NA,NA,NA,NA
2008-09,Hartford Wolf Pack,AHL,18,6,8,14,31,14,5,1,0,1,4,Mark Bell,Center,NA,NA,NA,NA,NA,NA,NA,NA,NA,NA
2009-10,Kloten HC,Swiss-A,39,13,14,27,69,7,,,,,,Mark Bell,Center,NA,NA,NA,NA,NA,NA,NA,NA,NA,NA
2010-11,Kloten HC,Swiss-A,41,16,9,25,58,14,,,,,,Mark Bell,Center,NA,NA,NA,NA,NA,NA,NA,NA,NA,NA
2011-12,Syracuse Crunch,AHL,39,7,10,17,41,-12,4,3,1,4,0,Mark Bell,Center,NA,NA,NA,NA,NA,NA,NA,NA,NA,NA
2011-12,Anaheim Ducks,NHL,5,0,0,0,5,0,--,--,--,--,--,Mark Bell,Center,NA,NA,NA,NA,NA,NA,NA,NA,NA,NA
2012-13,Iserlohn Roosters,DEL,43,13,15,28,122,-11,--,--,--,--,--,Mark Bell,Center,NA,NA,NA,NA,NA,NA,NA,NA,NA,NA
2013-14,Berlin Polar Bears,DEL,32,10,20,30,34,9,3,0,0,0,2,Mark Bell,Center,NA,NA,NA,NA,NA,NA,NA,NA,NA,NA
2014-15,Berlin Polar Bears,DEL,25,5,6,11,64,4,--,--,--,--,--,Mark Bell,Center,NA,NA,NA,NA,NA,NA,NA,NA,NA,NA
2015-16,Berlin Polar Bears,DEL,12,2,1,3,12,0,7,0,2,2,16,Mark Bell,Center,NA,NA,NA,NA,NA,NA,NA,NA,NA,NA
1996-97,Cleveland Barons,"NAHL",21,8,9,17,75,--,,,,,,Mike Rupp,Left Wing,NA,NA,NA,NA,NA,NA,NA,NA,NA,NA
1997-98,Windsor Spitfires,OHL,38,9,8,17,60,--,--,--,--,--,--,Mike Rupp,Left Wing,NA,NA,NA,NA,NA,NA,NA,NA,NA,NA
1997-98,Erie Otters,OHL,26,7,3,10,57,--,7,3,1,4,6,Mike Rupp,Left Wing,NA,NA,NA,NA,NA,NA,NA,NA,NA,NA
1998-99,Erie Otters,OHL,63,22,25,47,102,-2,5,0,2,2,25,Mike Rupp,Left Wing,NA,NA,NA,NA,NA,NA,NA,NA,NA,NA
1999-00,Erie Otters,OHL,58,32,21,53,134,4,13,5,5,10,22,Mike Rupp,Left Wing,NA,NA,NA,NA,NA,NA,NA,NA,NA,NA
2000-01,Albany River Rats,AHL,71,10,10,20,63,-3,--,--,--,--,--,Mike Rupp,Left Wing,NA,NA,NA,NA,NA,NA,NA,NA,NA,NA
2001-02,Albany River Rats,AHL,78,13,17,30,90,-27,--,--,--,--,--,Mike Rupp,Left Wing,NA,NA,NA,NA,NA,NA,NA,NA,NA,NA
2002-03,New Jersey Devils,NHL,26,5,3,8,21,0,4,1,3,4,0,Mike Rupp,Left Wing,NA,NA,NA,NA,NA,NA,NA,NA,NA,NA
2002-03,Albany River Rats,AHL,47,8,11,19,74,1,--,--,--,--,--,Mike Rupp,Left Wing,NA,NA,NA,NA,NA,NA,NA,NA,NA,NA
2003-04,New Jersey Devils,NHL,51,6,5,11,41,-1,--,--,--,--,--,Mike Rupp,Left Wing,NA,NA,NA,NA,NA,NA,NA,NA,NA,NA
2003-04,Phoenix Coyotes,NHL,6,0,1,1,6,-3,--,--,--,--,--,Mike Rupp,Left Wing,NA,NA,NA,NA,NA,NA,NA,NA,NA,NA
2004-05,Danbury Trashers,UHL,14,5,5,10,30,4,11,3,4,7,38,Mike Rupp,Left Wing,NA,NA,NA,NA,NA,NA,NA,NA,NA,NA
2005-06,Phoenix Coyotes,NHL,1,0,0,0,0,0,--,--,--,--,--,Mike Rupp,Left Wing,NA,NA,NA,NA,NA,NA,NA,NA,NA,NA
2005-06,Columbus Blue Jackets,NHL,39,4,2,6,58,-3,--,--,--,--,--,Mike Rupp,Left Wing,NA,NA,NA,NA,NA,NA,NA,NA,NA,NA
2005-06,Syracuse Crunch,AHL,3,1,2,3,12,1,--,--,--,--,--,Mike Rupp,Left Wing,NA,NA,NA,NA,NA,NA,NA,NA,NA,NA
2006-07,New Jersey Devils,NHL,76,6,3,9,92,-10,9,0,1,1,7,Mike Rupp,Left Wing,NA,NA,NA,NA,NA,NA,NA,NA,NA,NA
2007-08,New Jersey Devils,NHL,63,3,6,9,58,-8,5,0,1,1,2,Mike Rupp,Left Wing,NA,NA,NA,NA,NA,NA,NA,NA,NA,NA
2008-09,New Jersey Devils,NHL,72,3,6,9,136,-2,7,0,0,0,14,Mike Rupp,Left Wing,NA,NA,NA,NA,NA,NA,NA,NA,NA,NA
2009-10,Pittsburgh Penguins,NHL,81,13,6,19,120,5,11,0,0,0,8,Mike Rupp,Left Wing,NA,NA,NA,NA,NA,NA,NA,NA,NA,NA
2010-11,Pittsburgh Penguins,NHL,81,9,8,17,124,-4,7,1,1,2,4,Mike Rupp,Left Wing,NA,NA,NA,NA,NA,NA,NA,NA,NA,NA
2011-12,New York Rangers,NHL,60,4,1,5,97,-1,20,0,0,0,36,Mike Rupp,Left Wing,NA,NA,NA,NA,NA,NA,NA,NA,NA,NA
2012-13,New York Rangers,NHL,8,0,0,0,12,-3,--,--,--,--,--,Mike Rupp,Left Wing,NA,NA,NA,NA,NA,NA,NA,NA,NA,NA
2012-13,Minnesota Wild,NHL,32,1,3,4,67,1,4,0,0,0,12,Mike Rupp,Left Wing,NA,NA,NA,NA,NA,NA,NA,NA,NA,NA
2013-14,Minnesota Wild,NHL,13,0,1,1,23,1,--,--,--,--,--,Mike Rupp,Left Wing,NA,NA,NA,NA,NA,NA,NA,NA,NA,NA
2013-14,Iowa Wild,AHL,5,0,0,0,0,0,--,--,--,--,--,Mike Rupp,Left Wing,NA,NA,NA,NA,NA,NA,NA,NA,NA,NA
1998-99,Moscow Dynamo,Russia,30,5,9,14,30,--,11,0,1,1,4,Nikolai Antropov,Right Wing,NA,NA,NA,NA,NA,NA,NA,NA,NA,NA
1999-00,St. John's Maple Leafs,AHL,2,0,0,0,4,0,--,--,--,--,--,Nikolai Antropov,Right Wing,NA,NA,NA,NA,NA,NA,NA,NA,NA,NA
1999-00,Toronto Maple Leafs,NHL,66,12,18,30,41,14,3,0,0,0,4,Nikolai Antropov,Right Wing,NA,NA,NA,NA,NA,NA,NA,NA,NA,NA
2000-01,Toronto Maple Leafs,NHL,52,6,11,17,30,5,9,2,1,3,12,Nikolai Antropov,Right Wing,NA,NA,NA,NA,NA,NA,NA,NA,NA,NA
2001-02,St. John's Maple Leafs,AHL,34,11,24,35,47,9,--,--,--,--,--,Nikolai Antropov,Right Wing,NA,NA,NA,NA,NA,NA,NA,NA,NA,NA
2001-02,Toronto Maple Leafs,NHL,11,1,1,2,4,-1,--,--,--,--,--,Nikolai Antropov,Right Wing,NA,NA,NA,NA,NA,NA,NA,NA,NA,NA
2002-03,Toronto Maple Leafs,NHL,72,16,29,45,124,11,3,0,0,0,0,Nikolai Antropov,Right Wing,NA,NA,NA,NA,NA,NA,NA,NA,NA,NA
2003-04,Toronto Maple Leafs,NHL,62,13,18,31,62,7,13,0,2,2,18,Nikolai Antropov,Right Wing,NA,NA,NA,NA,NA,NA,NA,NA,NA,NA
2004-05,Kazan Ak-Bars,Russia,10,2,3,5,6,--,--,--,--,--,--,Nikolai Antropov,Right Wing,NA,NA,NA,NA,NA,NA,NA,NA,NA,NA
2004-05,Yaroslavl Lokomotiv,Russia,26,4,15,19,44,--,9,3,4,7,18,Nikolai Antropov,Right Wing,NA,NA,NA,NA,NA,NA,NA,NA,NA,NA
2005-06,Toronto Maple Leafs,NHL,57,12,19,31,56,13,--,--,--,--,--,Nikolai Antropov,Right Wing,NA,NA,NA,NA,NA,NA,NA,NA,NA,NA
2006-07,Toronto Maple Leafs,NHL,54,18,15,33,44,8,--,--,--,--,--,Nikolai Antropov,Right Wing,NA,NA,NA,NA,NA,NA,NA,NA,NA,NA
2007-08,Toronto Maple Leafs,NHL,72,26,30,56,92,10,--,--,--,--,--,Nikolai Antropov,Right Wing,NA,NA,NA,NA,NA,NA,NA,NA,NA,NA
2008-09,Toronto Maple Leafs,NHL,63,21,25,46,24,-13,--,--,--,--,--,Nikolai Antropov,Right Wing,NA,NA,NA,NA,NA,NA,NA,NA,NA,NA
2008-09,New York Rangers,NHL,18,7,6,13,6,-1,7,2,1,3,6,Nikolai Antropov,Right Wing,NA,NA,NA,NA,NA,NA,NA,NA,NA,NA
2009-10,Atlanta Thrashers,NHL,76,24,43,67,44,13,--,--,--,--,--,Nikolai Antropov,Right Wing,NA,NA,NA,NA,NA,NA,NA,NA,NA,NA
2010-11,Atlanta Thrashers,NHL,76,16,25,41,42,-17,--,--,--,--,--,Nikolai Antropov,Right Wing,NA,NA,NA,NA,NA,NA,NA,NA,NA,NA
2011-12,Winnipeg Jets,NHL,69,15,20,35,42,0,--,--,--,--,--,Nikolai Antropov,Right Wing,NA,NA,NA,NA,NA,NA,NA,NA,NA,NA
2012-13,Astana Barys,KHL,26,3,13,16,39,2,--,--,--,--,--,Nikolai Antropov,Right Wing,NA,NA,NA,NA,NA,NA,NA,NA,NA,NA
2012-13,Winnipeg Jets,NHL,40,6,12,18,16,6,--,--,--,--,--,Nikolai Antropov,Right Wing,NA,NA,NA,NA,NA,NA,NA,NA,NA,NA
2013-14,Astana Barys,KHL,36,8,18,26,62,7,10,1,3,4,14,Nikolai Antropov,Right Wing,NA,NA,NA,NA,NA,NA,NA,NA,NA,NA
2014-15,Astana Barys,KHL,39,7,14,21,64,-12,7,0,1,1,2,Nikolai Antropov,Right Wing,NA,NA,NA,NA,NA,NA,NA,NA,NA,NA
1997-98,Sarnia Sting,OHL,63,32,40,72,88,--,5,4,1,5,10,Jeff Heerema,Right Wing,NA,NA,NA,NA,NA,NA,NA,NA,NA,NA
1998-99,Sarnia Sting,OHL,62,31,39,70,113,24,6,5,1,6,0,Jeff Heerema,Right Wing,NA,NA,NA,NA,NA,NA,NA,NA,NA,NA
1999-00,Sarnia Sting,OHL,67,36,41,77,62,11,7,4,2,6,10,Jeff Heerema,Right Wing,NA,NA,NA,NA,NA,NA,NA,NA,NA,NA
2000-01,Cincinnati Cyclones,IHL,73,17,16,33,42,-12,4,0,0,0,0,Jeff Heerema,Right Wing,NA,NA,NA,NA,NA,NA,NA,NA,NA,NA
2001-02,Lowell Lock Monsters,AHL,76,33,37,70,90,20,5,2,3,5,2,Jeff Heerema,Right Wing,NA,NA,NA,NA,NA,NA,NA,NA,NA,NA
2002-03,Carolina Hurricanes,NHL,10,3,0,3,2,-2,--,--,--,--,--,Jeff Heerema,Right Wing,NA,NA,NA,NA,NA,NA,NA,NA,NA,NA
2002-03,Lowell Lock Monsters,AHL,36,15,17,32,25,-10,--,--,--,--,--,Jeff Heerema,Right Wing,NA,NA,NA,NA,NA,NA,NA,NA,NA,NA
2003-04,St. Louis Blues,NHL,22,1,2,3,4,-5,--,--,--,--,--,Jeff Heerema,Right Wing,NA,NA,NA,NA,NA,NA,NA,NA,NA,NA
2003-04,Worcester IceCats,AHL,1,0,0,0,2,0,--,--,--,--,--,Jeff Heerema,Right Wing,NA,NA,NA,NA,NA,NA,NA,NA,NA,NA
2003-04,Hartford Wolf Pack,AHL,41,12,15,27,25,11,4,0,0,0,9,Jeff Heerema,Right Wing,NA,NA,NA,NA,NA,NA,NA,NA,NA,NA
2004-05,Manitoba Moose,AHL,80,14,30,44,67,9,14,4,6,10,12,Jeff Heerema,Right Wing,NA,NA,NA,NA,NA,NA,NA,NA,NA,NA
2005-06,Binghamton Senators,AHL,77,27,47,74,69,3,--,--,--,--,--,Jeff Heerema,Right Wing,NA,NA,NA,NA,NA,NA,NA,NA,NA,NA
2006-07,Binghamton Senators,AHL,78,36,31,67,75,-1,--,--,--,--,--,Jeff Heerema,Right Wing,NA,NA,NA,NA,NA,NA,NA,NA,NA,NA
2007-08,Frankfurt Lions,DEL,50,20,21,41,48,11,12,1,6,7,8,Jeff Heerema,Right Wing,NA,NA,NA,NA,NA,NA,NA,NA,NA,NA
2008-09,Frankfurt Lions,DEL,48,18,13,31,53,5,5,3,0,3,0,Jeff Heerema,Right Wing,NA,NA,NA,NA,NA,NA,NA,NA,NA,NA
2009-10,Zagreb Medvescak KHL,Austria,28,7,17,24,26,10,,,,,,Jeff Heerema,Right Wing,NA,NA,NA,NA,NA,NA,NA,NA,NA,NA
2010-11,Nottingham Panthers,EIHL,28,18,16,34,34,--,,,,,,Jeff Heerema,Right Wing,NA,NA,NA,NA,NA,NA,NA,NA,NA,NA
2011-12,Nottingham Panthers,EIHL,28,13,23,36,49,--,,,,,,Jeff Heerema,Right Wing,NA,NA,NA,NA,NA,NA,NA,NA,NA,NA
1996-97,Halifax Mooseheads,QMJHL,70,27,41,68,50,--,12,4,8,12,8,Alex Tanguay,Left Wing,NA,NA,NA,NA,NA,NA,NA,NA,NA,NA
1997-98,Halifax Mooseheads,QMJHL,51,47,38,85,32,--,5,7,6,13,4,Alex Tanguay,Left Wing,NA,NA,NA,NA,NA,NA,NA,NA,NA,NA
1998-99,Halifax Mooseheads,QMJHL,31,27,34,61,30,28,5,1,2,3,2,Alex Tanguay,Left Wing,NA,NA,NA,NA,NA,NA,NA,NA,NA,NA
1998-99,Hershey Bears,AHL,5,1,2,3,2,-2,5,0,2,2,0,Alex Tanguay,Left Wing,NA,NA,NA,NA,NA,NA,NA,NA,NA,NA
1999-00,Colorado Avalanche,NHL,76,17,34,51,22,6,17,2,1,3,2,Alex Tanguay,Left Wing,NA,NA,NA,NA,NA,NA,NA,NA,NA,NA
2000-01,Colorado Avalanche,NHL,82,27,50,77,37,35,23,6,15,21,8,Alex Tanguay,Left Wing,NA,NA,NA,NA,NA,NA,NA,NA,NA,NA
2001-02,Colorado Avalanche,NHL,70,13,35,48,36,8,19,5,8,13,0,Alex Tanguay,Left Wing,NA,NA,NA,NA,NA,NA,NA,NA,NA,NA
2002-03,Colorado Avalanche,NHL,82,26,41,67,36,34,7,1,2,3,4,Alex Tanguay,Left Wing,NA,NA,NA,NA,NA,NA,NA,NA,NA,NA
2003-04,Colorado Avalanche,NHL,69,25,54,79,42,30,8,2,2,4,2,Alex Tanguay,Left Wing,NA,NA,NA,NA,NA,NA,NA,NA,NA,NA
2004-05,Lugano,Swiss-A,6,3,3,6,4,--,--,--,--,--,--,Alex Tanguay,Left Wing,NA,NA,NA,NA,NA,NA,NA,NA,NA,NA
2005-06,Colorado Avalanche,NHL,71,29,49,78,46,8,9,2,4,6,12,Alex Tanguay,Left Wing,NA,NA,NA,NA,NA,NA,NA,NA,NA,NA
2006-07,Calgary Flames,NHL,81,22,59,81,44,12,6,1,3,4,8,Alex Tanguay,Left Wing,NA,NA,NA,NA,NA,NA,NA,NA,NA,NA
2007-08,Calgary Flames,NHL,78,18,40,58,48,11,7,0,4,4,4,Alex Tanguay,Left Wing,NA,NA,NA,NA,NA,NA,NA,NA,NA,NA
2008-09,Montreal Canadiens,NHL,50,16,25,41,34,13,2,0,1,1,2,Alex Tanguay,Left Wing,NA,NA,NA,NA,NA,NA,NA,NA,NA,NA
2009-10,Tampa Bay Lightning,NHL,80,10,27,37,32,-2,--,--,--,--,--,Alex Tanguay,Left Wing,NA,NA,NA,NA,NA,NA,NA,NA,NA,NA
2010-11,Calgary Flames,NHL,79,22,47,69,24,0,--,--,--,--,--,Alex Tanguay,Left Wing,NA,NA,NA,NA,NA,NA,NA,NA,NA,NA
2011-12,Calgary Flames,NHL,64,13,36,49,28,7,--,--,--,--,--,Alex Tanguay,Left Wing,NA,NA,NA,NA,NA,NA,NA,NA,NA,NA
2012-13,Calgary Flames,NHL,40,11,16,27,22,-13,--,--,--,--,--,Alex Tanguay,Left Wing,NA,NA,NA,NA,NA,NA,NA,NA,NA,NA
2013-14,Colorado Avalanche,NHL,16,4,7,11,4,7,--,--,--,--,--,Alex Tanguay,Left Wing,NA,NA,NA,NA,NA,NA,NA,NA,NA,NA
2014-15,Colorado Avalanche,NHL,80,22,33,55,40,-1,--,--,--,--,--,Alex Tanguay,Left Wing,NA,NA,NA,NA,NA,NA,NA,NA,NA,NA
2015-16,Colorado Avalanche,NHL,52,4,18,22,24,3,--,--,--,--,--,Alex Tanguay,Left Wing,NA,NA,NA,NA,NA,NA,NA,NA,NA,NA
2015-16,Arizona Coyotes,NHL,18,4,9,13,8,5,--,--,--,--,--,Alex Tanguay,Left Wing,NA,NA,NA,NA,NA,NA,NA,NA,NA,NA
1995-96,Wexford Raiders,MetJHL,4,1,0,1,0,--,,,,,,Michael Henrich,Right Wing,NA,NA,NA,NA,NA,NA,NA,NA,NA,NA
1996-97,Barrie Colts,OHL,52,9,15,24,19,--,9,0,5,5,0,Michael Henrich,Right Wing,NA,NA,NA,NA,NA,NA,NA,NA,NA,NA
1997-98,Barrie Colts,OHL,66,41,22,63,75,--,5,1,3,4,0,Michael Henrich,Right Wing,NA,NA,NA,NA,NA,NA,NA,NA,NA,NA
1998-99,Barrie Colts,OHL,62,38,33,71,42,37,12,0,2,2,4,Michael Henrich,Right Wing,NA,NA,NA,NA,NA,NA,NA,NA,NA,NA
1999-00,Barrie Colts,OHL,66,38,48,86,69,42,25,10,18,28,30,Michael Henrich,Right Wing,NA,NA,NA,NA,NA,NA,NA,NA,NA,NA
2000-01,Hamilton Bulldogs,AHL,73,5,10,15,36,-3,--,--,--,--,--,Michael Henrich,Right Wing,NA,NA,NA,NA,NA,NA,NA,NA,NA,NA
2000-01,Tallahassee Tiger Sharks,ECHL,6,1,1,2,0,-5,--,--,--,--,--,Michael Henrich,Right Wing,NA,NA,NA,NA,NA,NA,NA,NA,NA,NA
2001-02,Hamilton Bulldogs,AHL,67,14,24,38,24,2,9,2,2,4,2,Michael Henrich,Right Wing,NA,NA,NA,NA,NA,NA,NA,NA,NA,NA
2002-03,Mora IK,Swe-1,12,3,1,4,16,-6,,,,,,Michael Henrich,Right Wing,NA,NA,NA,NA,NA,NA,NA,NA,NA,NA
2002-03,Hamilton Bulldogs,AHL,12,0,0,0,2,-3,--,--,--,--,--,Michael Henrich,Right Wing,NA,NA,NA,NA,NA,NA,NA,NA,NA,NA
2002-03,Hershey Bears,AHL,9,0,1,1,4,-1,1,0,0,0,0,Michael Henrich,Right Wing,NA,NA,NA,NA,NA,NA,NA,NA,NA,NA
2003-04,Toronto Roadrunners,AHL,58,14,10,24,28,11,3,2,0,2,0,Michael Henrich,Right Wing,NA,NA,NA,NA,NA,NA,NA,NA,NA,NA
2005-06,Duisburg Foxes,DEL,43,10,11,21,34,-11,--,--,--,--,--,Michael Henrich,Right Wing,NA,NA,NA,NA,NA,NA,NA,NA,NA,NA
2006-07,Wolfsburg EHC,2.GBun,48,16,20,36,0,--,,,,,,Michael Henrich,Right Wing,NA,NA,NA,NA,NA,NA,NA,NA,NA,NA
2007-08,Wolfsburg Grizzly Adams,DEL,56,16,15,31,26,-7,--,--,--,--,--,Michael Henrich,Right Wing,NA,NA,NA,NA,NA,NA,NA,NA,NA,NA
2009-10,Asiago HC,Italy-A,39,27,33,60,22,--,,,,,,Michael Henrich,Right Wing,NA,NA,NA,NA,NA,NA,NA,NA,NA,NA
2010-11,Asiago HC,Italy-A,40,22,27,49,20,--,17,13,6,19,8,Michael Henrich,Right Wing,NA,NA,NA,NA,NA,NA,NA,NA,NA,NA
2011-12,Asiago HC,Italy-A,44,24,17,41,10,--,4,0,0,0,0,Michael Henrich,Right Wing,NA,NA,NA,NA,NA,NA,NA,NA,NA,NA
2012-13,Dornbirn EC,Austria,54,17,20,37,37,--,--,--,--,--,--,Michael Henrich,Right Wing,NA,NA,NA,NA,NA,NA,NA,NA,NA,NA
1994-95,Barrie Colts,OPJHL,26,NA,0,NA,0,NA,,NA,,NA,,Patrick DesRochers,Goalie,1462,75,0,3,3.08,,,,,
1995-96,Sarnia Sting,OHL,29,NA,1,NA,15,NA,3,NA,0,NA,0,Patrick DesRochers,Goalie,1272,95,1,0,4.48,12,6,2,686,0.878
1996-97,Sarnia Sting,OHL,50,NA,5,NA,18,NA,11,NA,0,NA,4,Patrick DesRochers,Goalie,2667,154,5,4,3.46,22,17,4,1320,0.896
1997-98,Sarnia Sting,OHL,56,NA,3,NA,10,NA,4,NA,0,NA,2,Patrick DesRochers,Goalie,3205,179,2,1,3.35,26,17,11,1623,0.901
1998-99,Canadian National Team,Intl,6,NA,0,NA,0,NA,,NA,,NA,,Patrick DesRochers,Goalie,60,4,0,0,4.00,1,0,0,,0.917
1998-99,Sarnia Sting,OHL,8,NA,0,NA,0,NA,-,NA,-,NA,-,Patrick DesRochers,Goalie,425,26,1,0,3.67,3,5,0,187,0.878
1998-99,Kingston Frontenacs,OHL,44,NA,4,NA,4,NA,5,NA,0,NA,4,Patrick DesRochers,Goalie,2389,177,2,1,4.45,14,22,3,1481,0.893
1999-00,Springfield Falcons,AHL,52,NA,1,NA,36,NA,2,NA,0,NA,0,Patrick DesRochers,Goalie,2710,137,3,1,3.03,21,17,7,1338,0.907
2000-01,Springfield Falcons,AHL,50,NA,0,NA,21,NA,-,NA,-,NA,-,Patrick DesRochers,Goalie,2807,156,6,0,3.33,17,24,5,1301,0.893
2001-02,Phoenix Coyotes,NHL,5,NA,0,NA,2,NA,-,NA,-,NA,-,Patrick DesRochers,Goalie,243,15,0,0,3.70,1,2,1,84,0.848
2001-02,Springfield Falcons,AHL,34,NA,0,NA,6,NA,-,NA,-,NA,-,Patrick DesRochers,Goalie,1864,94,4,2,3.03,12,18,1,894,0.905
2002-03,Springfield Falcons,AHL,8,NA,0,NA,0,NA,-,NA,-,NA,-,Patrick DesRochers,Goalie,454,20,2,0,2.64,2,4,1,222,0.917
2002-03,Phoenix Coyotes,NHL,4,NA,0,NA,0,NA,-,NA,-,NA,-,Patrick DesRochers,Goalie,175,11,0,0,3.77,0,3,0,77,0.875
2002-03,Lowell Lock Monsters,AHL,17,NA,1,NA,6,NA,-,NA,-,NA,-,Patrick DesRochers,Goalie,1030,48,3,0,2.80,4,12,1,499,0.912
2002-03,Carolina Hurricanes,NHL,2,NA,0,NA,0,NA,-,NA,-,NA,-,Patrick DesRochers,Goalie,122,7,0,0,3.44,1,1,0,64,0.901
2003-04,Lowell Lock Monsters,AHL,50,NA,1,NA,37,NA,-,NA,-,NA,-,Patrick DesRochers,Goalie,2838,138,0,0,2.92,23,25,1,1353,0.907
2004-05,San Antonio Rampage,AHL,34,NA,1,NA,14,NA,-,NA,-,NA,-,Patrick DesRochers,Goalie,1487,79,0,2,3.19,8,19,1,605,0.885
2004-05,Texas Wildcatters,ECHL,2,NA,0,NA,2,NA,-,NA,-,NA,-,Patrick DesRochers,Goalie,120,10,0,0,5.00,0,2,0,76,0.884
2006-07,Crimmitschau ETC,2.GBun,45,NA,0,NA,0,NA,,NA,,NA,,Patrick DesRochers,Goalie,,,,,,,,,,
2007-08,Augsburg Panthers,DEL,56,NA,3,NA,16,NA,-,NA,-,NA,-,Patrick DesRochers,Goalie,3339,178,0,4,3.20,16,28,0,1628,0.901
2012-13,Dornbirn EC,Austria,54,NA,2,NA,6,NA,-,NA,-,NA,-,Patrick DesRochers,Goalie,,,,,,,,,,
1996-97,Shawinigan Cataractes,QMJHL,17,NA,0,NA,2,NA,7,NA,0,NA,2,Mathieu Chouinard,Goalie,794,51,0,0,3.85,4,7,1,,
1997-98,Shawinigan Cataractes,QMJHL,55,NA,2,NA,13,NA,6,NA,0,NA,0,Mathieu Chouinard,Goalie,3055,142,0,2,2.79,32,18,3,1368,0.906
1998-99,Shawinigan Cataractes,QMJHL,56,NA,1,NA,35,NA,6,NA,0,NA,0,Mathieu Chouinard,Goalie,3290,149,1,5,2.72,36,15,4,1456,0.907
1999-00,Shawinigan Cataractes,QMJHL,59,NA,3,NA,10,NA,13,NA,0,NA,0,Mathieu Chouinard,Goalie,3338,186,0,4,3.34,32,20,5,1804,0.897
2000-01,Grand Rapids Griffins,IHL,28,NA,0,NA,2,NA,3,NA,0,NA,0,Mathieu Chouinard,Goalie,1567,69,1,1,2.64,17,7,1,637,0.902
2001-02,Grand Rapids Griffins,AHL,25,NA,2,NA,0,NA,-,NA,-,NA,-,Mathieu Chouinard,Goalie,1404,58,4,2,2.48,11,12,1,489,0.894
2002-03,Peoria Rivermen,ECHL,15,NA,0,NA,2,NA,-,NA,-,NA,-,Mathieu Chouinard,Goalie,820,29,0,3,2.12,12,2,0,353,0.924
2002-03,Binghamton Senators,AHL,4,NA,0,NA,0,NA,1,NA,0,NA,0,Mathieu Chouinard,Goalie,152,5,0,0,1.98,2,0,0,68,0.932
2003-04,Los Angeles Kings,NHL,1,NA,0,NA,0,NA,-,NA,-,NA,-,Mathieu Chouinard,Goalie,2,0,0,0,0.00,,,,2,1.000
2003-04,Manchester Monarchs,AHL,22,NA,0,NA,0,NA,-,NA,-,NA,-,Mathieu Chouinard,Goalie,1093,41,0,4,2.25,10,6,0,428,0.913
2003-04,Reading Royals,ECHL,3,NA,0,NA,0,NA,-,NA,-,NA,-,Mathieu Chouinard,Goalie,185,7,0,0,2.27,1,1,1,83,0.922
2004-05,San Diego Gulls,ECHL,27,NA,0,NA,4,NA,-,NA,-,NA,-,Mathieu Chouinard,Goalie,1452,73,2,1,3.01,11,9,3,701,0.906
2004-05,Cincinnati Mighty Ducks,AHL,3,NA,0,NA,0,NA,-,NA,-,NA,-,Mathieu Chouinard,Goalie,152,4,0,1,1.57,1,1,0,72,0.947
2004-05,Peoria Rivermen,ECHL,1,NA,0,NA,0,NA,-,NA,-,NA,-,Mathieu Chouinard,Goalie,57,2,0,0,2.07,0,1,0,18,0.900
2005-06,Phoenix Roadrunners,ECHL,13,NA,0,NA,4,NA,-,NA,-,NA,-,Mathieu Chouinard,Goalie,647,37,1,0,3.43,4,6,0,355,0.906
2005-06,Laval Chiefs,LNAH,9,NA,0,NA,2,NA,,NA,,NA,,Mathieu Chouinard,Goalie,,,,,,,,,,
1996-97,Laval Titan College Francais,QMJHL,1,1,0,1,0,--,--,--,--,--,--,Eric Chouinard,Center,NA,NA,NA,NA,NA,NA,NA,NA,NA,NA
1997-98,Quebec Remparts,QMJHL,68,41,42,83,18,--,14,7,10,17,6,Eric Chouinard,Center,NA,NA,NA,NA,NA,NA,NA,NA,NA,NA
1998-99,Quebec Remparts,QMJHL,62,50,59,109,56,35,13,8,10,18,8,Eric Chouinard,Center,NA,NA,NA,NA,NA,NA,NA,NA,NA,NA
1998-99,Fredericton Canadiens,AHL,--,--,--,--,--,--,6,3,2,5,0,Eric Chouinard,Center,NA,NA,NA,NA,NA,NA,NA,NA,NA,NA
1999-00,Quebec Remparts,QMJHL,50,57,47,104,105,23,11,14,4,18,8,Eric Chouinard,Center,NA,NA,NA,NA,NA,NA,NA,NA,NA,NA
2000-01,Montreal Canadiens,NHL,13,1,3,4,0,0,--,--,--,--,--,Eric Chouinard,Center,NA,NA,NA,NA,NA,NA,NA,NA,NA,NA
2000-01,Quebec Citadelles,AHL,48,12,21,33,6,-7,9,2,0,2,2,Eric Chouinard,Center,NA,NA,NA,NA,NA,NA,NA,NA,NA,NA
2001-02,Quebec Citadelles,AHL,65,19,23,42,18,-7,2,0,0,0,0,Eric Chouinard,Center,NA,NA,NA,NA,NA,NA,NA,NA,NA,NA
2002-03,Philadelphia Flyers,NHL,28,4,4,8,8,2,--,--,--,--,--,Eric Chouinard,Center,NA,NA,NA,NA,NA,NA,NA,NA,NA,NA
2002-03,Utah Grizzlies,AHL,32,12,12,24,16,2,--,--,--,--,--,Eric Chouinard,Center,NA,NA,NA,NA,NA,NA,NA,NA,NA,NA
2003-04,Philadelphia Flyers,NHL,17,3,0,3,0,-3,--,--,--,--,--,Eric Chouinard,Center,NA,NA,NA,NA,NA,NA,NA,NA,NA,NA
2003-04,Philadelphia Phantoms,AHL,1,0,0,0,0,0,--,--,--,--,--,Eric Chouinard,Center,NA,NA,NA,NA,NA,NA,NA,NA,NA,NA
2003-04,Minnesota Wild,NHL,31,3,4,7,6,-7,--,--,--,--,--,Eric Chouinard,Center,NA,NA,NA,NA,NA,NA,NA,NA,NA,NA
2004-05,Salzburg EC,Austria,16,5,5,10,42,-7,--,--,--,--,--,Eric Chouinard,Center,NA,NA,NA,NA,NA,NA,NA,NA,NA,NA
2005-06,Philadelphia Phantoms,AHL,24,7,7,14,4,-8,--,--,--,--,--,Eric Chouinard,Center,NA,NA,NA,NA,NA,NA,NA,NA,NA,NA
2005-06,Philadelphia Flyers,NHL,1,0,0,0,2,0,--,--,--,--,--,Eric Chouinard,Center,NA,NA,NA,NA,NA,NA,NA,NA,NA,NA
2005-06,San Antonio Rampage,AHL,47,8,12,20,22,-19,--,--,--,--,--,Eric Chouinard,Center,NA,NA,NA,NA,NA,NA,NA,NA,NA,NA
2006-07,Straubing Tigers,DEL,27,6,17,23,32,2,--,--,--,--,--,Eric Chouinard,Center,NA,NA,NA,NA,NA,NA,NA,NA,NA,NA
2006-07,Sierre HC,Swiss-B,4,3,3,6,0,--,,,,,,Eric Chouinard,Center,NA,NA,NA,NA,NA,NA,NA,NA,NA,NA
2007-08,Straubing Tigers,DEL,55,30,22,52,58,-9,--,--,--,--,--,Eric Chouinard,Center,NA,NA,NA,NA,NA,NA,NA,NA,NA,NA
2008-09,Straubing Tigers,DEL,41,14,19,33,12,-7,--,--,--,--,--,Eric Chouinard,Center,NA,NA,NA,NA,NA,NA,NA,NA,NA,NA
2009-10,Nuermberg Thomas Sabo Ice Tigers,DEL,45,15,14,29,32,-5,5,2,2,4,4,Eric Chouinard,Center,NA,NA,NA,NA,NA,NA,NA,NA,NA,NA
2010-11,Nuermberg Thomas Sabo Ice Tigers,DEL,52,24,25,49,50,17,2,0,1,1,2,Eric Chouinard,Center,NA,NA,NA,NA,NA,NA,NA,NA,NA,NA
2011-12,Nuermberg Thomas Sabo Ice Tigers,DEL,34,13,18,31,10,-3,--,--,--,--,--,Eric Chouinard,Center,NA,NA,NA,NA,NA,NA,NA,NA,NA,NA
2012-13,Nuermberg Thomas Sabo Ice Tigers,DEL,52,16,31,47,20,3,3,0,1,1,0,Eric Chouinard,Center,NA,NA,NA,NA,NA,NA,NA,NA,NA,NA
2013-14,Minsk Dynamo,KHL,8,0,0,0,4,-8,--,--,--,--,--,Eric Chouinard,Center,NA,NA,NA,NA,NA,NA,NA,NA,NA,NA
2014-15,Grenoble,France,24,16,15,31,32,9,,,,,,Eric Chouinard,Center,NA,NA,NA,NA,NA,NA,NA,NA,NA,NA
2015-16,Grenoble,France,26,23,20,43,8,19,,,,,,Eric Chouinard,Center,NA,NA,NA,NA,NA,NA,NA,NA,NA,NA
2016-17,Grenoble,France,44,23,34,57,30,19,12,9,6,15,4,Eric Chouinard,Center,NA,NA,NA,NA,NA,NA,NA,NA,NA,NA
2017-18,Bayreuth EHC,DEL-2,27,12,25,37,18,1,--,--,--,--,--,Eric Chouinard,Center,NA,NA,NA,NA,NA,NA,NA,NA,NA,NA
1995-96,Litvinov HC,Czech,--,--,--,--,--,--,1,0,0,0,0,Martin Skoula,Defense,NA,NA,NA,NA,NA,NA,NA,NA,NA,NA
1997-98,Barrie Colts,OHL,66,8,36,44,36,--,6,1,3,4,4,Martin Skoula,Defense,NA,NA,NA,NA,NA,NA,NA,NA,NA,NA
1998-99,Barrie Colts,OHL,67,13,46,59,46,58,12,3,10,13,13,Martin Skoula,Defense,NA,NA,NA,NA,NA,NA,NA,NA,NA,NA
1998-99,Hershey Bears,AHL,--,--,--,--,--,--,1,0,0,0,0,Martin Skoula,Defense,NA,NA,NA,NA,NA,NA,NA,NA,NA,NA
1999-00,Colorado Avalanche,NHL,80,3,13,16,20,5,17,0,2,2,4,Martin Skoula,Defense,NA,NA,NA,NA,NA,NA,NA,NA,NA,NA
2000-01,Colorado Avalanche,NHL,82,8,17,25,38,8,23,1,4,5,8,Martin Skoula,Defense,NA,NA,NA,NA,NA,NA,NA,NA,NA,NA
2001-02,Colorado Avalanche,NHL,82,10,21,31,42,-3,21,0,6,6,2,Martin Skoula,Defense,NA,NA,NA,NA,NA,NA,NA,NA,NA,NA
2002-03,Colorado Avalanche,NHL,81,4,21,25,68,11,7,0,1,1,4,Martin Skoula,Defense,NA,NA,NA,NA,NA,NA,NA,NA,NA,NA
2003-04,Colorado Avalanche,NHL,58,2,14,16,30,2,--,--,--,--,--,Martin Skoula,Defense,NA,NA,NA,NA,NA,NA,NA,NA,NA,NA
2003-04,Anaheim Mighty Ducks,NHL,21,2,7,9,2,3,--,--,--,--,--,Martin Skoula,Defense,NA,NA,NA,NA,NA,NA,NA,NA,NA,NA
2004-05,Litvinov HC,Czech,47,4,15,19,101,-8,6,0,0,0,6,Martin Skoula,Defense,NA,NA,NA,NA,NA,NA,NA,NA,NA,NA
2005-06,Dallas Stars,NHL,61,4,11,15,36,6,--,--,--,--,--,Martin Skoula,Defense,NA,NA,NA,NA,NA,NA,NA,NA,NA,NA
2005-06,Minnesota Wild,NHL,17,1,5,6,10,0,--,--,--,--,--,Martin Skoula,Defense,NA,NA,NA,NA,NA,NA,NA,NA,NA,NA
2006-07,Minnesota Wild,NHL,81,0,15,15,36,9,5,0,0,0,4,Martin Skoula,Defense,NA,NA,NA,NA,NA,NA,NA,NA,NA,NA
2007-08,Minnesota Wild,NHL,80,3,8,11,26,-16,6,0,0,0,0,Martin Skoula,Defense,NA,NA,NA,NA,NA,NA,NA,NA,NA,NA
2008-09,Minnesota Wild,NHL,81,4,12,16,10,-12,--,--,--,--,--,Martin Skoula,Defense,NA,NA,NA,NA,NA,NA,NA,NA,NA,NA
2009-10,Pittsburgh Penguins,NHL,33,3,5,8,6,-4,--,--,--,--,--,Martin Skoula,Defense,NA,NA,NA,NA,NA,NA,NA,NA,NA,NA
2009-10,New Jersey Devils,NHL,19,0,3,3,4,7,4,0,0,0,0,Martin Skoula,Defense,NA,NA,NA,NA,NA,NA,NA,NA,NA,NA
2010-11,Omsk Avangard,KHL,52,3,19,22,21,10,14,0,3,3,4,Martin Skoula,Defense,NA,NA,NA,NA,NA,NA,NA,NA,NA,NA
2011-12,Omsk Avangard,KHL,52,2,13,15,16,-3,,,,,,Martin Skoula,Defense,NA,NA,NA,NA,NA,NA,NA,NA,NA,NA
2012-13,Omsk Avangard,KHL,9,0,1,1,0,-6,--,--,--,--,--,Martin Skoula,Defense,NA,NA,NA,NA,NA,NA,NA,NA,NA,NA
2012-13,Prague Lev,KHL,21,1,6,7,8,-6,--,--,--,--,--,Martin Skoula,Defense,NA,NA,NA,NA,NA,NA,NA,NA,NA,NA
2013-14,Bratislava Slovan,KHL,54,2,11,13,18,-17,--,--,--,--,--,Martin Skoula,Defense,NA,NA,NA,NA,NA,NA,NA,NA,NA,NA
2014-15,Liberec Bili Tygri HC,Czech,10,2,5,7,4,4,--,--,--,--,--,Martin Skoula,Defense,NA,NA,NA,NA,NA,NA,NA,NA,NA,NA
1996-97,Chelyabinsk Traktor,Russia,2,0,0,0,0,--,,,,,,Dmitri Kalinin,Defense,NA,NA,NA,NA,NA,NA,NA,NA,NA,NA
1997-98,Chelyabinsk Traktor,Russia,26,0,2,2,24,--,,,,,,Dmitri Kalinin,Defense,NA,NA,NA,NA,NA,NA,NA,NA,NA,NA
1998-99,Moncton Wildcats,QMJHL,39,7,18,25,44,-8,4,1,1,2,0,Dmitri Kalinin,Defense,NA,NA,NA,NA,NA,NA,NA,NA,NA,NA
1998-99,Rochester Americans,AHL,3,0,1,1,14,2,7,0,0,0,6,Dmitri Kalinin,Defense,NA,NA,NA,NA,NA,NA,NA,NA,NA,NA
1999-00,Rochester Americans,AHL,75,2,19,21,52,15,21,2,9,11,8,Dmitri Kalinin,Defense,NA,NA,NA,NA,NA,NA,NA,NA,NA,NA
1999-00,Buffalo Sabres,NHL,4,0,0,0,4,0,--,--,--,--,--,Dmitri Kalinin,Defense,NA,NA,NA,NA,NA,NA,NA,NA,NA,NA
2000-01,Buffalo Sabres,NHL,79,4,18,22,38,-2,13,0,2,2,4,Dmitri Kalinin,Defense,NA,NA,NA,NA,NA,NA,NA,NA,NA,NA
2001-02,Buffalo Sabres,NHL,58,2,11,13,26,-6,--,--,--,--,--,Dmitri Kalinin,Defense,NA,NA,NA,NA,NA,NA,NA,NA,NA,NA
2002-03,Rochester Americans,AHL,1,0,0,0,0,0,--,--,--,--,--,Dmitri Kalinin,Defense,NA,NA,NA,NA,NA,NA,NA,NA,NA,NA
2002-03,Buffalo Sabres,NHL,65,8,13,21,57,-7,--,--,--,--,--,Dmitri Kalinin,Defense,NA,NA,NA,NA,NA,NA,NA,NA,NA,NA
2003-04,Buffalo Sabres,NHL,77,10,24,34,42,0,--,--,--,--,--,Dmitri Kalinin,Defense,NA,NA,NA,NA,NA,NA,NA,NA,NA,NA
2004-05,Magnitogorsk Metallurg,Russia,48,2,8,10,14,--,5,0,0,0,2,Dmitri Kalinin,Defense,NA,NA,NA,NA,NA,NA,NA,NA,NA,NA
2005-06,Buffalo Sabres,NHL,55,2,16,18,54,14,8,0,2,2,2,Dmitri Kalinin,Defense,NA,NA,NA,NA,NA,NA,NA,NA,NA,NA
2006-07,Buffalo Sabres,NHL,82,7,22,29,36,19,16,2,3,5,14,Dmitri Kalinin,Defense,NA,NA,NA,NA,NA,NA,NA,NA,NA,NA
2007-08,Buffalo Sabres,NHL,46,1,7,8,32,-7,--,--,--,--,--,Dmitri Kalinin,Defense,NA,NA,NA,NA,NA,NA,NA,NA,NA,NA
2008-09,New York Rangers,NHL,58,1,12,13,26,-7,--,--,--,--,--,Dmitri Kalinin,Defense,NA,NA,NA,NA,NA,NA,NA,NA,NA,NA
2008-09,Phoenix Coyotes,NHL,15,1,3,4,6,-2,--,--,--,--,--,Dmitri Kalinin,Defense,NA,NA,NA,NA,NA,NA,NA,NA,NA,NA
2009-10,Ufa Salavat Yulayev,KHL,53,12,10,22,32,16,15,2,3,5,58,Dmitri Kalinin,Defense,NA,NA,NA,NA,NA,NA,NA,NA,NA,NA
2010-11,Ufa Salavat Yulayev,KHL,45,3,6,9,26,16,18,0,4,4,6,Dmitri Kalinin,Defense,NA,NA,NA,NA,NA,NA,NA,NA,NA,NA
2011-12,St. Petersburg SKA,KHL,52,15,20,35,14,17,,,,,,Dmitri Kalinin,Defense,NA,NA,NA,NA,NA,NA,NA,NA,NA,NA
2012-13,St. Petersburg SKA,KHL,48,5,24,29,26,12,11,0,6,6,2,Dmitri Kalinin,Defense,NA,NA,NA,NA,NA,NA,NA,NA,NA,NA
2013-14,St. Petersburg SKA,KHL,51,10,14,24,28,1,6,0,3,3,4,Dmitri Kalinin,Defense,NA,NA,NA,NA,NA,NA,NA,NA,NA,NA
2014-15,St. Petersburg SKA,KHL,54,6,8,14,30,10,11,0,1,1,6,Dmitri Kalinin,Defense,NA,NA,NA,NA,NA,NA,NA,NA,NA,NA
2015-16,St. Petersburg SKA,KHL,44,5,4,9,43,3,2,0,0,0,2,Dmitri Kalinin,Defense,NA,NA,NA,NA,NA,NA,NA,NA,NA,NA
2016-17,Moscow Spartak,KHL,45,7,5,12,45,-4,--,--,--,--,--,Dmitri Kalinin,Defense,NA,NA,NA,NA,NA,NA,NA,NA,NA,NA
2017-18,Moscow Spartak,KHL,55,5,16,21,28,1,3,0,0,0,0,Dmitri Kalinin,Defense,NA,NA,NA,NA,NA,NA,NA,NA,NA,NA
2018-19,Moscow Spartak,KHL,50,2,9,11,14,-3,6,1,0,1,2,Dmitri Kalinin,Defense,NA,NA,NA,NA,NA,NA,NA,NA,NA,NA
2019-20,Chelyabinsk Traktor,KHL,45,4,6,10,18,-16,--,--,--,--,--,Dmitri Kalinin,Defense,NA,NA,NA,NA,NA,NA,NA,NA,NA,NA
1996-97,Kamloops Blazers,WHL,64,4,19,23,96,--,5,0,1,1,18,Robyn Regehr,Defense,NA,NA,NA,NA,NA,NA,NA,NA,NA,NA
1997-98,Kamloops Blazers,WHL,65,4,10,14,120,--,5,0,3,3,8,Robyn Regehr,Defense,NA,NA,NA,NA,NA,NA,NA,NA,NA,NA
1998-99,Kamloops Blazers,WHL,54,12,20,32,130,37,12,1,4,5,21,Robyn Regehr,Defense,NA,NA,NA,NA,NA,NA,NA,NA,NA,NA
1999-00,Calgary Flames,NHL,57,5,7,12,46,-2,--,--,--,--,--,Robyn Regehr,Defense,NA,NA,NA,NA,NA,NA,NA,NA,NA,NA
1999-00,Saint John Flames,AHL,5,0,0,0,0,-3,--,--,--,--,--,Robyn Regehr,Defense,NA,NA,NA,NA,NA,NA,NA,NA,NA,NA
2000-01,Calgary Flames,NHL,71,1,3,4,70,-7,--,--,--,--,--,Robyn Regehr,Defense,NA,NA,NA,NA,NA,NA,NA,NA,NA,NA
2001-02,Calgary Flames,NHL,78,2,6,8,93,-24,--,--,--,--,--,Robyn Regehr,Defense,NA,NA,NA,NA,NA,NA,NA,NA,NA,NA
2002-03,Calgary Flames,NHL,76,0,12,12,87,-9,--,--,--,--,--,Robyn Regehr,Defense,NA,NA,NA,NA,NA,NA,NA,NA,NA,NA
2003-04,Calgary Flames,NHL,82,4,14,18,74,14,26,2,7,9,20,Robyn Regehr,Defense,NA,NA,NA,NA,NA,NA,NA,NA,NA,NA
2005-06,Calgary Flames,NHL,68,6,20,26,67,6,7,1,3,4,6,Robyn Regehr,Defense,NA,NA,NA,NA,NA,NA,NA,NA,NA,NA
2006-07,Calgary Flames,NHL,78,2,19,21,75,27,1,0,0,0,0,Robyn Regehr,Defense,NA,NA,NA,NA,NA,NA,NA,NA,NA,NA
2007-08,Calgary Flames,NHL,82,5,15,20,79,11,7,0,2,2,2,Robyn Regehr,Defense,NA,NA,NA,NA,NA,NA,NA,NA,NA,NA
2008-09,Calgary Flames,NHL,75,0,8,8,73,10,--,--,--,--,--,Robyn Regehr,Defense,NA,NA,NA,NA,NA,NA,NA,NA,NA,NA
2009-10,Calgary Flames,NHL,81,2,15,17,80,2,--,--,--,--,--,Robyn Regehr,Defense,NA,NA,NA,NA,NA,NA,NA,NA,NA,NA
2010-11,Calgary Flames,NHL,79,2,15,17,58,2,--,--,--,--,--,Robyn Regehr,Defense,NA,NA,NA,NA,NA,NA,NA,NA,NA,NA
2011-12,Buffalo Sabres,NHL,76,1,4,5,56,-12,--,--,--,--,--,Robyn Regehr,Defense,NA,NA,NA,NA,NA,NA,NA,NA,NA,NA
2012-13,Buffalo Sabres,NHL,29,0,2,2,21,-4,--,--,--,--,--,Robyn Regehr,Defense,NA,NA,NA,NA,NA,NA,NA,NA,NA,NA
2012-13,Los Angeles Kings,NHL,12,0,2,2,2,0,18,0,1,1,6,Robyn Regehr,Defense,NA,NA,NA,NA,NA,NA,NA,NA,NA,NA
2013-14,Los Angeles Kings,NHL,79,3,11,14,46,6,8,0,2,2,7,Robyn Regehr,Defense,NA,NA,NA,NA,NA,NA,NA,NA,NA,NA
2014-15,Los Angeles Kings,NHL,67,3,10,13,45,10,--,--,--,--,--,Robyn Regehr,Defense,NA,NA,NA,NA,NA,NA,NA,NA,NA,NA
1995-96,Kelowna Rockets,WHL,64,3,4,7,159,--,6,0,0,0,12,Scott Parker,Right Wing,NA,NA,NA,NA,NA,NA,NA,NA,NA,NA
1996-97,Kelowna Rockets,WHL,68,18,8,26,330,--,6,0,2,2,4,Scott Parker,Right Wing,NA,NA,NA,NA,NA,NA,NA,NA,NA,NA
1997-98,Kelowna Rockets,WHL,71,30,22,52,243,--,7,6,0,6,23,Scott Parker,Right Wing,NA,NA,NA,NA,NA,NA,NA,NA,NA,NA
1998-99,Colorado Avalanche,NHL,27,0,0,0,71,3,--,--,--,--,--,Scott Parker,Right Wing,NA,NA,NA,NA,NA,NA,NA,NA,NA,NA
1998-99,Hershey Bears,AHL,32,4,3,7,143,-7,4,0,0,0,6,Scott Parker,Right Wing,NA,NA,NA,NA,NA,NA,NA,NA,NA,NA
1999-00,Hershey Bears,AHL,68,12,7,19,206,-5,11,1,1,2,56,Scott Parker,Right Wing,NA,NA,NA,NA,NA,NA,NA,NA,NA,NA
2000-01,Colorado Avalanche,NHL,69,2,3,5,155,-2,4,0,0,0,2,Scott Parker,Right Wing,NA,NA,NA,NA,NA,NA,NA,NA,NA,NA
2001-02,Colorado Avalanche,NHL,63,1,4,5,154,0,--,--,--,--,--,Scott Parker,Right Wing,NA,NA,NA,NA,NA,NA,NA,NA,NA,NA
2002-03,Colorado Avalanche,NHL,43,1,3,4,82,6,1,0,0,0,2,Scott Parker,Right Wing,NA,NA,NA,NA,NA,NA,NA,NA,NA,NA
2003-04,San Jose Sharks,NHL,50,1,3,4,101,0,--,--,--,--,--,Scott Parker,Right Wing,NA,NA,NA,NA,NA,NA,NA,NA,NA,NA
2005-06,San Jose Sharks,NHL,10,1,0,1,38,3,--,--,--,--,--,Scott Parker,Right Wing,NA,NA,NA,NA,NA,NA,NA,NA,NA,NA
2006-07,San Jose Sharks,NHL,11,0,0,0,22,0,--,--,--,--,--,Scott Parker,Right Wing,NA,NA,NA,NA,NA,NA,NA,NA,NA,NA
2006-07,Colorado Avalanche,NHL,10,1,1,2,6,0,--,--,--,--,--,Scott Parker,Right Wing,NA,NA,NA,NA,NA,NA,NA,NA,NA,NA
2007-08,Colorado Avalanche,NHL,25,0,0,0,70,0,--,--,--,--,--,Scott Parker,Right Wing,NA,NA,NA,NA,NA,NA,NA,NA,NA,NA
1997-98,Shawinigan Cataractes,QMJHL,59,8,28,36,60,--,6,0,1,1,10,Mathieu Biron,Defense,NA,NA,NA,NA,NA,NA,NA,NA,NA,NA
1998-99,Shawinigan Cataractes,QMJHL,69,13,32,45,116,7,6,0,2,2,6,Mathieu Biron,Defense,NA,NA,NA,NA,NA,NA,NA,NA,NA,NA
1999-00,New York Islanders,NHL,60,4,4,8,38,-13,--,--,--,--,--,Mathieu Biron,Defense,NA,NA,NA,NA,NA,NA,NA,NA,NA,NA
2000-01,New York Islanders,NHL,14,0,1,1,12,2,--,--,--,--,--,Mathieu Biron,Defense,NA,NA,NA,NA,NA,NA,NA,NA,NA,NA
2000-01,Lowell Lock Monsters,AHL,22,1,3,4,17,-6,--,--,--,--,--,Mathieu Biron,Defense,NA,NA,NA,NA,NA,NA,NA,NA,NA,NA
2000-01,Springfield Falcons,AHL,34,0,6,6,18,-10,--,--,--,--,--,Mathieu Biron,Defense,NA,NA,NA,NA,NA,NA,NA,NA,NA,NA
2001-02,Tampa Bay Lightning,NHL,36,0,0,0,12,-16,--,--,--,--,--,Mathieu Biron,Defense,NA,NA,NA,NA,NA,NA,NA,NA,NA,NA
2001-02,Springfield Falcons,AHL,35,4,9,13,16,5,--,--,--,--,--,Mathieu Biron,Defense,NA,NA,NA,NA,NA,NA,NA,NA,NA,NA
2002-03,Florida Panthers,NHL,34,1,8,9,14,-18,--,--,--,--,--,Mathieu Biron,Defense,NA,NA,NA,NA,NA,NA,NA,NA,NA,NA
2002-03,San Antonio Rampage,AHL,43,3,8,11,58,3,--,--,--,--,--,Mathieu Biron,Defense,NA,NA,NA,NA,NA,NA,NA,NA,NA,NA
2003-04,Florida Panthers,NHL,57,3,10,13,51,-13,--,--,--,--,--,Mathieu Biron,Defense,NA,NA,NA,NA,NA,NA,NA,NA,NA,NA
2004-05,Thetford Mines Prolab,LNAH,19,7,15,22,8,--,,,,,,Mathieu Biron,Defense,NA,NA,NA,NA,NA,NA,NA,NA,NA,NA
2005-06,Washington Capitals,NHL,52,4,9,13,50,-11,--,--,--,--,--,Mathieu Biron,Defense,NA,NA,NA,NA,NA,NA,NA,NA,NA,NA
2006-07,Worcester Sharks,AHL,24,3,15,18,42,7,--,--,--,--,--,Mathieu Biron,Defense,NA,NA,NA,NA,NA,NA,NA,NA,NA,NA
2006-07,Hamilton Bulldogs,AHL,53,7,14,21,52,9,22,2,6,8,33,Mathieu Biron,Defense,NA,NA,NA,NA,NA,NA,NA,NA,NA,NA
2007-08,Hamilton Bulldogs,AHL,35,6,6,12,38,-12,--,--,--,--,--,Mathieu Biron,Defense,NA,NA,NA,NA,NA,NA,NA,NA,NA,NA
2008-09,Frankfurt Lions,DEL,49,5,16,21,82,-2,5,0,1,1,6,Mathieu Biron,Defense,NA,NA,NA,NA,NA,NA,NA,NA,NA,NA
2009-10,Hamburg Freezers,DEL,56,5,19,24,102,8,--,--,--,--,--,Mathieu Biron,Defense,NA,NA,NA,NA,NA,NA,NA,NA,NA,NA
2010-11,Thetford Mines Isothermic,LNAH,6,1,2,3,0,2,,,,,,Mathieu Biron,Defense,NA,NA,NA,NA,NA,NA,NA,NA,NA,NA
2011-12,Thetford Mines Isothermic,LNAH,7,0,2,2,4,-2,,,,,,Mathieu Biron,Defense,NA,NA,NA,NA,NA,NA,NA,NA,NA,NA
1996-97,Beauport Harfangs,QMJHL,51,9,22,31,39,--,--,--,--,--,--,Simon Gagne,Right Wing,NA,NA,NA,NA,NA,NA,NA,NA,NA,NA
1997-98,Quebec Remparts,QMJHL,53,30,39,69,26,--,12,11,5,16,23,Simon Gagne,Right Wing,NA,NA,NA,NA,NA,NA,NA,NA,NA,NA
1998-99,Quebec Remparts,QMJHL,61,50,70,120,42,51,13,9,8,17,4,Simon Gagne,Right Wing,NA,NA,NA,NA,NA,NA,NA,NA,NA,NA
1999-00,Philadelphia Flyers,NHL,80,20,28,48,22,11,17,5,5,10,2,Simon Gagne,Right Wing,NA,NA,NA,NA,NA,NA,NA,NA,NA,NA
2000-01,Philadelphia Flyers,NHL,69,27,32,59,18,24,6,3,0,3,0,Simon Gagne,Right Wing,NA,NA,NA,NA,NA,NA,NA,NA,NA,NA
2001-02,Philadelphia Flyers,NHL,79,33,33,66,32,31,5,0,0,0,2,Simon Gagne,Right Wing,NA,NA,NA,NA,NA,NA,NA,NA,NA,NA
2002-03,Philadelphia Flyers,NHL,46,9,18,27,16,20,13,4,1,5,6,Simon Gagne,Right Wing,NA,NA,NA,NA,NA,NA,NA,NA,NA,NA
2003-04,Philadelphia Flyers,NHL,80,24,21,45,29,12,18,5,4,9,12,Simon Gagne,Right Wing,NA,NA,NA,NA,NA,NA,NA,NA,NA,NA
2005-06,Philadelphia Flyers,NHL,72,47,32,79,38,31,6,3,1,4,2,Simon Gagne,Right Wing,NA,NA,NA,NA,NA,NA,NA,NA,NA,NA
2006-07,Philadelphia Flyers,NHL,76,41,27,68,30,2,--,--,--,--,--,Simon Gagne,Right Wing,NA,NA,NA,NA,NA,NA,NA,NA,NA,NA
2007-08,Philadelphia Flyers,NHL,25,7,11,18,4,-8,--,--,--,--,--,Simon Gagne,Right Wing,NA,NA,NA,NA,NA,NA,NA,NA,NA,NA
2008-09,Philadelphia Flyers,NHL,79,34,40,74,42,21,6,3,1,4,2,Simon Gagne,Right Wing,NA,NA,NA,NA,NA,NA,NA,NA,NA,NA
2009-10,Philadelphia Flyers,NHL,58,17,23,40,47,-1,19,9,3,12,0,Simon Gagne,Right Wing,NA,NA,NA,NA,NA,NA,NA,NA,NA,NA
2010-11,Tampa Bay Lightning,NHL,63,17,23,40,20,-12,15,5,7,12,4,Simon Gagne,Right Wing,NA,NA,NA,NA,NA,NA,NA,NA,NA,NA
2011-12,Los Angeles Kings,NHL,34,7,10,17,18,-1,4,0,0,0,2,Simon Gagne,Right Wing,NA,NA,NA,NA,NA,NA,NA,NA,NA,NA
2012-13,Los Angeles Kings,NHL,11,0,5,5,2,2,--,--,--,--,--,Simon Gagne,Right Wing,NA,NA,NA,NA,NA,NA,NA,NA,NA,NA
2012-13,Philadelphia Flyers,NHL,27,5,6,11,6,-3,--,--,--,--,--,Simon Gagne,Right Wing,NA,NA,NA,NA,NA,NA,NA,NA,NA,NA
2014-15,Boston Bruins,NHL,23,3,1,4,4,0,--,--,--,--,--,Simon Gagne,Right Wing,NA,NA,NA,NA,NA,NA,NA,NA,NA,NA
1996-97,Plzen HC,Czech,9,0,1,1,2,0,--,--,--,--,--,Milan Kraft,Center,NA,NA,NA,NA,NA,NA,NA,NA,NA,NA
1997-98,Plzen HC,Czech,16,0,5,5,0,--,1,0,0,0,0,Milan Kraft,Center,NA,NA,NA,NA,NA,NA,NA,NA,NA,NA
1998-99,Prince Albert Raiders,WHL,68,40,46,86,32,25,14,7,13,20,6,Milan Kraft,Center,NA,NA,NA,NA,NA,NA,NA,NA,NA,NA
1999-00,Prince Albert Raiders,WHL,56,34,35,69,42,-5,6,4,1,5,4,Milan Kraft,Center,NA,NA,NA,NA,NA,NA,NA,NA,NA,NA
2000-01,Wilkes-Barre/Scranton Penguins,AHL,40,21,23,44,27,-1,14,12,7,19,6,Milan Kraft,Center,NA,NA,NA,NA,NA,NA,NA,NA,NA,NA
2000-01,Pittsburgh Penguins,NHL,42,7,7,14,8,-6,8,0,0,0,2,Milan Kraft,Center,NA,NA,NA,NA,NA,NA,NA,NA,NA,NA
2001-02,Wilkes-Barre/Scranton Penguins,AHL,8,4,4,8,10,8,--,--,--,--,--,Milan Kraft,Center,NA,NA,NA,NA,NA,NA,NA,NA,NA,NA
2001-02,Pittsburgh Penguins,NHL,68,8,8,16,16,-9,--,--,--,--,--,Milan Kraft,Center,NA,NA,NA,NA,NA,NA,NA,NA,NA,NA
2002-03,Wilkes-Barre/Scranton Penguins,AHL,40,13,24,37,28,-16,6,2,4,6,4,Milan Kraft,Center,NA,NA,NA,NA,NA,NA,NA,NA,NA,NA
2002-03,Pittsburgh Penguins,NHL,31,7,5,12,10,-8,--,--,--,--,--,Milan Kraft,Center,NA,NA,NA,NA,NA,NA,NA,NA,NA,NA
2003-04,Pittsburgh Penguins,NHL,66,19,21,40,18,-22,--,--,--,--,--,Milan Kraft,Center,NA,NA,NA,NA,NA,NA,NA,NA,NA,NA
2004-05,Plzen HC,Czech,17,2,4,6,6,2,--,--,--,--,--,Milan Kraft,Center,NA,NA,NA,NA,NA,NA,NA,NA,NA,NA
2004-05,Karlovy Vary HC,Czech,35,9,10,19,20,-6,--,--,--,--,--,Milan Kraft,Center,NA,NA,NA,NA,NA,NA,NA,NA,NA,NA
2005-06,Omsk Avangard,Russia,29,2,5,7,14,--,--,--,--,--,--,Milan Kraft,Center,NA,NA,NA,NA,NA,NA,NA,NA,NA,NA
2005-06,Karlovy Vary HC,Czech,19,7,5,12,16,-3,--,--,--,--,--,Milan Kraft,Center,NA,NA,NA,NA,NA,NA,NA,NA,NA,NA
2006-07,Karlovy Vary HC,Czech,25,6,3,9,28,-3,3,0,0,0,8,Milan Kraft,Center,NA,NA,NA,NA,NA,NA,NA,NA,NA,NA
2007-08,Karlovy Vary HC,Czech,29,8,4,12,37,-3,19,4,1,5,63,Milan Kraft,Center,NA,NA,NA,NA,NA,NA,NA,NA,NA,NA
2008-09,Slavia Praha HC,Czech,21,2,4,6,2,-6,--,--,--,--,--,Milan Kraft,Center,NA,NA,NA,NA,NA,NA,NA,NA,NA,NA
2012-13,Chomutov Pirati,Czech,45,9,11,20,12,2,--,--,--,--,--,Milan Kraft,Center,NA,NA,NA,NA,NA,NA,NA,NA,NA,NA
1998-99,Vastra Frolunda HC,SEL,49,0,4,4,4,0,4,0,0,0,0,Christian Backman,Defense,NA,NA,NA,NA,NA,NA,NA,NA,NA,NA
1999-00,Vastra Frolunda HC,SEL,27,1,0,1,14,-5,,,,,,Christian Backman,Defense,NA,NA,NA,NA,NA,NA,NA,NA,NA,NA
1999-00,Gislaveds SK,Swe-1,21,5,2,7,8,-2,,,,,,Christian Backman,Defense,NA,NA,NA,NA,NA,NA,NA,NA,NA,NA
1999-00,Vastra Frolunda Jr.,Swe-Jr,6,2,2,4,0,9,,,,,,Christian Backman,Defense,NA,NA,NA,NA,NA,NA,NA,NA,NA,NA
2000-01,Vastra Frolunda HC,SEL,50,1,10,11,32,-6,3,0,2,2,2,Christian Backman,Defense,NA,NA,NA,NA,NA,NA,NA,NA,NA,NA
2001-02,Vastra Frolunda HC,SEL,44,7,4,11,38,10,10,0,0,0,8,Christian Backman,Defense,NA,NA,NA,NA,NA,NA,NA,NA,NA,NA
2002-03,St. Louis Blues,NHL,4,0,0,0,0,-3,--,--,--,--,--,Christian Backman,Defense,NA,NA,NA,NA,NA,NA,NA,NA,NA,NA
2002-03,Worcester IceCats,AHL,72,8,19,27,66,-2,3,0,1,1,5,Christian Backman,Defense,NA,NA,NA,NA,NA,NA,NA,NA,NA,NA
2003-04,Worcester IceCats,AHL,4,1,2,3,2,3,--,--,--,--,--,Christian Backman,Defense,NA,NA,NA,NA,NA,NA,NA,NA,NA,NA
2003-04,St. Louis Blues,NHL,66,5,13,18,16,3,5,0,2,2,4,Christian Backman,Defense,NA,NA,NA,NA,NA,NA,NA,NA,NA,NA
2004-05,Frolunda HC,SEL,50,4,15,19,40,29,14,2,7,9,10,Christian Backman,Defense,NA,NA,NA,NA,NA,NA,NA,NA,NA,NA
2005-06,St. Louis Blues,NHL,52,6,12,18,48,-15,--,--,--,--,--,Christian Backman,Defense,NA,NA,NA,NA,NA,NA,NA,NA,NA,NA
2006-07,St. Louis Blues,NHL,61,7,11,18,36,13,--,--,--,--,--,Christian Backman,Defense,NA,NA,NA,NA,NA,NA,NA,NA,NA,NA
2007-08,St. Louis Blues,NHL,45,1,9,10,30,-4,--,--,--,--,--,Christian Backman,Defense,NA,NA,NA,NA,NA,NA,NA,NA,NA,NA
2007-08,New York Rangers,NHL,18,2,6,8,20,2,8,0,0,0,12,Christian Backman,Defense,NA,NA,NA,NA,NA,NA,NA,NA,NA,NA
2008-09,Columbus Blue Jackets,NHL,56,2,5,7,32,5,--,--,--,--,--,Christian Backman,Defense,NA,NA,NA,NA,NA,NA,NA,NA,NA,NA
2009-10,Frolunda HC,SEL,47,10,18,28,46,11,7,1,2,3,6,Christian Backman,Defense,NA,NA,NA,NA,NA,NA,NA,NA,NA,NA
2010-11,Frolunda HC,SEL,21,4,13,17,8,-1,--,--,--,--,--,Christian Backman,Defense,NA,NA,NA,NA,NA,NA,NA,NA,NA,NA
2011-12,Frolunda HC,SEL,55,11,16,27,48,7,,,,,,Christian Backman,Defense,NA,NA,NA,NA,NA,NA,NA,NA,NA,NA
2012-13,Frolunda HC,SEL,54,7,15,22,36,-4,6,1,3,4,0,Christian Backman,Defense,NA,NA,NA,NA,NA,NA,NA,NA,NA,NA
2013-14,Frolunda HC,SweHL,50,2,5,7,36,4,7,1,1,2,2,Christian Backman,Defense,NA,NA,NA,NA,NA,NA,NA,NA,NA,NA
2014-15,Frolunda HC,SweHL,33,4,3,7,16,3,13,0,2,2,8,Christian Backman,Defense,NA,NA,NA,NA,NA,NA,NA,NA,NA,NA
1997-98,Hull Olympiques,QMJHL,70,3,19,22,112,--,11,1,4,5,16,Jiri Fischer,Defense,NA,NA,NA,NA,NA,NA,NA,NA,NA,NA
1998-99,Hull Olympiques,QMJHL,65,22,56,78,141,11,23,6,17,23,44,Jiri Fischer,Defense,NA,NA,NA,NA,NA,NA,NA,NA,NA,NA
1999-00,Detroit Red Wings,NHL,52,0,8,8,45,1,--,--,--,--,--,Jiri Fischer,Defense,NA,NA,NA,NA,NA,NA,NA,NA,NA,NA
1999-00,Cincinnati Mighty Ducks,AHL,7,0,2,2,10,-2,--,--,--,--,--,Jiri Fischer,Defense,NA,NA,NA,NA,NA,NA,NA,NA,NA,NA
2000-01,Detroit Red Wings,NHL,55,1,8,9,59,3,5,0,0,0,9,Jiri Fischer,Defense,NA,NA,NA,NA,NA,NA,NA,NA,NA,NA
2000-01,Cincinnati Mighty Ducks,AHL,18,2,6,8,22,6,--,--,--,--,--,Jiri Fischer,Defense,NA,NA,NA,NA,NA,NA,NA,NA,NA,NA
2001-02,Detroit Red Wings,NHL,80,2,8,10,67,17,22,3,3,6,30,Jiri Fischer,Defense,NA,NA,NA,NA,NA,NA,NA,NA,NA,NA
2002-03,Detroit Red Wings,NHL,15,1,5,6,16,0,--,--,--,--,--,Jiri Fischer,Defense,NA,NA,NA,NA,NA,NA,NA,NA,NA,NA
2003-04,Detroit Red Wings,NHL,81,4,15,19,75,0,11,1,0,1,16,Jiri Fischer,Defense,NA,NA,NA,NA,NA,NA,NA,NA,NA,NA
2004-05,Liberec Bili Tygri HC,Czech,27,6,12,18,52,15,11,1,4,5,22,Jiri Fischer,Defense,NA,NA,NA,NA,NA,NA,NA,NA,NA,NA
2005-06,Detroit Red Wings,NHL,22,3,5,8,33,8,--,--,--,--,--,Jiri Fischer,Defense,NA,NA,NA,NA,NA,NA,NA,NA,NA,NA
1996-97,London Nationals,WJBHL,Statistics Unavailable,Statistics Unavailable,Statistics Unavailable,Statistics Unavailable,Statistics Unavailable,Statistics Unavailable,,,,,,Mike Van Ryn,Defense,NA,NA,NA,NA,NA,NA,NA,NA,NA,NA
1997-98,U. of Michigan,CCHA,38,4,14,18,44,--,,,,,,Mike Van Ryn,Defense,NA,NA,NA,NA,NA,NA,NA,NA,NA,NA
1998-99,U. of Michigan,CCHA,37,10,13,23,52,8,,,,,,Mike Van Ryn,Defense,NA,NA,NA,NA,NA,NA,NA,NA,NA,NA
1999-00,Sarnia Sting,OHL,61,6,35,41,34,-2,7,0,5,5,4,Mike Van Ryn,Defense,NA,NA,NA,NA,NA,NA,NA,NA,NA,NA
2000-01,St. Louis Blues,NHL,1,0,0,0,0,-2,--,--,--,--,--,Mike Van Ryn,Defense,NA,NA,NA,NA,NA,NA,NA,NA,NA,NA
2000-01,Worcester IceCats,AHL,37,3,10,13,12,-2,7,1,1,2,2,Mike Van Ryn,Defense,NA,NA,NA,NA,NA,NA,NA,NA,NA,NA
2001-02,St. Louis Blues,NHL,48,2,8,10,18,10,9,0,0,0,0,Mike Van Ryn,Defense,NA,NA,NA,NA,NA,NA,NA,NA,NA,NA
2001-02,Worcester IceCats,AHL,24,2,7,9,17,8,--,--,--,--,--,Mike Van Ryn,Defense,NA,NA,NA,NA,NA,NA,NA,NA,NA,NA
2002-03,St. Louis Blues,NHL,20,0,3,3,8,3,--,--,--,--,--,Mike Van Ryn,Defense,NA,NA,NA,NA,NA,NA,NA,NA,NA,NA
2002-03,Worcester IceCats,AHL,33,2,8,10,16,-2,--,--,--,--,--,Mike Van Ryn,Defense,NA,NA,NA,NA,NA,NA,NA,NA,NA,NA
2002-03,San Antonio Rampage,AHL,11,0,3,3,20,2,3,0,0,0,0,Mike Van Ryn,Defense,NA,NA,NA,NA,NA,NA,NA,NA,NA,NA
2003-04,Florida Panthers,NHL,79,13,24,37,52,-16,--,--,--,--,--,Mike Van Ryn,Defense,NA,NA,NA,NA,NA,NA,NA,NA,NA,NA
2005-06,Florida Panthers,NHL,80,8,29,37,90,15,--,--,--,--,--,Mike Van Ryn,Defense,NA,NA,NA,NA,NA,NA,NA,NA,NA,NA
2006-07,Florida Panthers,NHL,78,4,25,29,64,-5,--,--,--,--,--,Mike Van Ryn,Defense,NA,NA,NA,NA,NA,NA,NA,NA,NA,NA
2007-08,Florida Panthers,NHL,20,0,2,2,14,-2,--,--,--,--,--,Mike Van Ryn,Defense,NA,NA,NA,NA,NA,NA,NA,NA,NA,NA
2008-09,Toronto Maple Leafs,NHL,27,3,8,11,14,2,--,--,--,--,--,Mike Van Ryn,Defense,NA,NA,NA,NA,NA,NA,NA,NA,NA,NA
1996-97,South Surrey Eagles,BCHL,54,48,76,124,94,--,,,,,,Scott Gomez,Center,NA,NA,NA,NA,NA,NA,NA,NA,NA,NA
1997-98,Tri-City Americans,WHL,45,12,37,49,57,--,--,--,--,--,--,Scott Gomez,Center,NA,NA,NA,NA,NA,NA,NA,NA,NA,NA
1998-99,Tri-City Americans,WHL,58,30,78,108,55,43,10,6,13,19,31,Scott Gomez,Center,NA,NA,NA,NA,NA,NA,NA,NA,NA,NA
1999-00,New Jersey Devils,NHL,82,19,51,70,78,14,23,4,6,10,4,Scott Gomez,Center,NA,NA,NA,NA,NA,NA,NA,NA,NA,NA
2000-01,New Jersey Devils,NHL,76,14,49,63,46,-1,25,5,9,14,24,Scott Gomez,Center,NA,NA,NA,NA,NA,NA,NA,NA,NA,NA
2001-02,New Jersey Devils,NHL,76,10,38,48,36,-4,--,--,--,--,--,Scott Gomez,Center,NA,NA,NA,NA,NA,NA,NA,NA,NA,NA
2002-03,New Jersey Devils,NHL,80,13,42,55,48,17,24,3,9,12,2,Scott Gomez,Center,NA,NA,NA,NA,NA,NA,NA,NA,NA,NA
2003-04,New Jersey Devils,NHL,80,14,56,70,70,18,5,0,6,6,0,Scott Gomez,Center,NA,NA,NA,NA,NA,NA,NA,NA,NA,NA
2004-05,Alaska Aces,ECHL,61,13,73,86,69,26,4,1,3,4,4,Scott Gomez,Center,NA,NA,NA,NA,NA,NA,NA,NA,NA,NA
2005-06,New Jersey Devils,NHL,82,33,51,84,42,8,9,5,4,9,6,Scott Gomez,Center,NA,NA,NA,NA,NA,NA,NA,NA,NA,NA
2006-07,New Jersey Devils,NHL,72,13,47,60,42,7,11,4,10,14,14,Scott Gomez,Center,NA,NA,NA,NA,NA,NA,NA,NA,NA,NA
2007-08,New York Rangers,NHL,81,16,54,70,36,3,10,4,7,11,8,Scott Gomez,Center,NA,NA,NA,NA,NA,NA,NA,NA,NA,NA
2008-09,New York Rangers,NHL,77,16,42,58,60,-2,7,2,3,5,4,Scott Gomez,Center,NA,NA,NA,NA,NA,NA,NA,NA,NA,NA
2009-10,Montreal Canadiens,NHL,78,12,47,59,60,1,19,2,12,14,25,Scott Gomez,Center,NA,NA,NA,NA,NA,NA,NA,NA,NA,NA
2010-11,Montreal Canadiens,NHL,80,7,31,38,48,-15,7,0,4,4,2,Scott Gomez,Center,NA,NA,NA,NA,NA,NA,NA,NA,NA,NA
2011-12,Montreal Canadiens,NHL,38,2,9,11,14,-9,--,--,--,--,--,Scott Gomez,Center,NA,NA,NA,NA,NA,NA,NA,NA,NA,NA
2012-13,Alaska Aces,ECHL,11,6,7,13,12,4,--,--,--,--,--,Scott Gomez,Center,NA,NA,NA,NA,NA,NA,NA,NA,NA,NA
2012-13,San Jose Sharks,NHL,39,2,13,15,22,-10,9,0,2,2,6,Scott Gomez,Center,NA,NA,NA,NA,NA,NA,NA,NA,NA,NA
2013-14,Florida Panthers,NHL,46,2,10,12,24,-11,--,--,--,--,--,Scott Gomez,Center,NA,NA,NA,NA,NA,NA,NA,NA,NA,NA
2014-15,New Jersey Devils,NHL,58,7,27,34,23,-10,--,--,--,--,--,Scott Gomez,Center,NA,NA,NA,NA,NA,NA,NA,NA,NA,NA
2015-16,St. Louis Blues,NHL,21,1,7,8,4,-4,--,--,--,--,--,Scott Gomez,Center,NA,NA,NA,NA,NA,NA,NA,NA,NA,NA
2015-16,Hershey Bears,AHL,18,4,20,24,0,13,--,--,--,--,--,Scott Gomez,Center,NA,NA,NA,NA,NA,NA,NA,NA,NA,NA
2015-16,Ottawa Senators,NHL,13,0,1,1,2,-3,--,--,--,--,--,Scott Gomez,Center,NA,NA,NA,NA,NA,NA,NA,NA,NA,NA
1996-97,Chicoutimi Sagueneens,QMJHL,65,13,24,37,151,--,21,2,12,14,28,Ramzi Abid,Center,NA,NA,NA,NA,NA,NA,NA,NA,NA,NA
1997-98,Chicoutimi Sagueneens,QMJHL,68,50,85,135,266,--,6,3,4,7,10,Ramzi Abid,Center,NA,NA,NA,NA,NA,NA,NA,NA,NA,NA
1998-99,Chicoutimi Sagueneens,QMJHL,21,11,15,26,97,-4,--,--,--,--,--,Ramzi Abid,Center,NA,NA,NA,NA,NA,NA,NA,NA,NA,NA
1998-99,Acadie-Bathurst Titan,QMJHL,24,14,22,36,102,11,23,14,20,34,84,Ramzi Abid,Center,NA,NA,NA,NA,NA,NA,NA,NA,NA,NA
1999-00,Acadie-Bathurst Titan,QMJHL,13,10,11,21,61,10,--,--,--,--,--,Ramzi Abid,Center,NA,NA,NA,NA,NA,NA,NA,NA,NA,NA
1999-00,Halifax Mooseheads,QMJHL,59,57,80,137,148,29,10,10,13,23,18,Ramzi Abid,Center,NA,NA,NA,NA,NA,NA,NA,NA,NA,NA
2000-01,Springfield Falcons,AHL,17,6,4,10,38,0,--,--,--,--,--,Ramzi Abid,Center,NA,NA,NA,NA,NA,NA,NA,NA,NA,NA
2001-02,Springfield Falcons,AHL,66,18,25,43,214,-4,--,--,--,--,--,Ramzi Abid,Center,NA,NA,NA,NA,NA,NA,NA,NA,NA,NA
2002-03,Springfield Falcons,AHL,27,15,10,25,50,-1,--,--,--,--,--,Ramzi Abid,Center,NA,NA,NA,NA,NA,NA,NA,NA,NA,NA
2002-03,Phoenix Coyotes,NHL,30,10,8,18,30,1,--,--,--,--,--,Ramzi Abid,Center,NA,NA,NA,NA,NA,NA,NA,NA,NA,NA
2002-03,Pittsburgh Penguins,NHL,3,0,0,0,2,-5,--,--,--,--,--,Ramzi Abid,Center,NA,NA,NA,NA,NA,NA,NA,NA,NA,NA
2003-04,Pittsburgh Penguins,NHL,16,3,2,5,27,-5,--,--,--,--,--,Ramzi Abid,Center,NA,NA,NA,NA,NA,NA,NA,NA,NA,NA
2004-05,Wilkes-Barre/Scranton Penguins,AHL,78,26,29,55,119,1,7,0,2,2,18,Ramzi Abid,Center,NA,NA,NA,NA,NA,NA,NA,NA,NA,NA
2005-06,Chicago Wolves,AHL,75,34,42,76,165,-3,--,--,--,--,--,Ramzi Abid,Center,NA,NA,NA,NA,NA,NA,NA,NA,NA,NA
2005-06,Atlanta Thrashers,NHL,6,0,2,2,6,1,--,--,--,--,--,Ramzi Abid,Center,NA,NA,NA,NA,NA,NA,NA,NA,NA,NA
2006-07,Milwaukee Admirals,AHL,57,19,30,49,70,-5,2,0,1,1,6,Ramzi Abid,Center,NA,NA,NA,NA,NA,NA,NA,NA,NA,NA
2006-07,Nashville Predators,NHL,13,1,4,5,13,-3,2,0,0,0,0,Ramzi Abid,Center,NA,NA,NA,NA,NA,NA,NA,NA,NA,NA
2007-08,Bern SC,Swiss-A,41,20,11,31,56,--,,,,,,Ramzi Abid,Center,NA,NA,NA,NA,NA,NA,NA,NA,NA,NA
2008-09,Bern SC,Swiss-A,31,9,20,29,91,21,,,,,,Ramzi Abid,Center,NA,NA,NA,NA,NA,NA,NA,NA,NA,NA
2008-09,Rapperswil-Jona,Swiss-A,7,2,5,7,12,-2,,,,,,Ramzi Abid,Center,NA,NA,NA,NA,NA,NA,NA,NA,NA,NA
2009-10,Chelyabinsk Traktor,KHL,33,3,8,11,36,-2,--,--,--,--,--,Ramzi Abid,Center,NA,NA,NA,NA,NA,NA,NA,NA,NA,NA
2009-10,Rogle BK Angelholm,SEL,10,1,7,8,8,-5,--,--,--,--,--,Ramzi Abid,Center,NA,NA,NA,NA,NA,NA,NA,NA,NA,NA
2010-11,Salzburg EC,Austria,48,13,18,31,120,1,,,,,,Ramzi Abid,Center,NA,NA,NA,NA,NA,NA,NA,NA,NA,NA
2011-12,Salzburg EC,Austria,48,21,25,46,92,3,6,1,4,5,16,Ramzi Abid,Center,NA,NA,NA,NA,NA,NA,NA,NA,NA,NA
2012-13,JyP HT Jyvaskyla,SM-liiga,56,22,20,42,82,-2,11,0,3,3,32,Ramzi Abid,Center,NA,NA,NA,NA,NA,NA,NA,NA,NA,NA
2013-14,JyP HT Jyvaskyla,SM-liiga,21,3,5,8,29,-3,--,--,--,--,--,Ramzi Abid,Center,NA,NA,NA,NA,NA,NA,NA,NA,NA,NA
2013-14,Wolfsburg Grizzly Adams,DEL,24,2,17,19,52,0,10,5,5,10,18,Ramzi Abid,Center,NA,NA,NA,NA,NA,NA,NA,NA,NA,NA
1996-97,Kitchener Dutchmen,MwJHL,43,35,41,76,33,--,,,,,,Jonathan Cheechoo,Right Wing,NA,NA,NA,NA,NA,NA,NA,NA,NA,NA
1997-98,Belleville Bulls,OHL,64,31,45,76,62,--,10,4,2,6,10,Jonathan Cheechoo,Right Wing,NA,NA,NA,NA,NA,NA,NA,NA,NA,NA
1998-99,Belleville Bulls,OHL,63,35,47,82,74,23,21,15,15,30,27,Jonathan Cheechoo,Right Wing,NA,NA,NA,NA,NA,NA,NA,NA,NA,NA
1999-00,Belleville Bulls,OHL,66,45,46,91,102,25,16,5,12,17,16,Jonathan Cheechoo,Right Wing,NA,NA,NA,NA,NA,NA,NA,NA,NA,NA
2000-01,Kentucky Thoroughblades,AHL,75,32,34,66,63,16,3,0,0,0,0,Jonathan Cheechoo,Right Wing,NA,NA,NA,NA,NA,NA,NA,NA,NA,NA
2001-02,Cleveland Barons,AHL,53,21,25,46,54,-6,--,--,--,--,--,Jonathan Cheechoo,Right Wing,NA,NA,NA,NA,NA,NA,NA,NA,NA,NA
2002-03,San Jose Sharks,NHL,66,9,7,16,39,-5,--,--,--,--,--,Jonathan Cheechoo,Right Wing,NA,NA,NA,NA,NA,NA,NA,NA,NA,NA
2002-03,Cleveland Barons,AHL,9,3,4,7,16,0,--,--,--,--,--,Jonathan Cheechoo,Right Wing,NA,NA,NA,NA,NA,NA,NA,NA,NA,NA
2003-04,San Jose Sharks,NHL,81,28,19,47,33,5,17,4,6,10,10,Jonathan Cheechoo,Right Wing,NA,NA,NA,NA,NA,NA,NA,NA,NA,NA
2004-05,HV71 Jonkoping,SEL,20,5,0,5,10,-11,--,--,--,--,--,Jonathan Cheechoo,Right Wing,NA,NA,NA,NA,NA,NA,NA,NA,NA,NA
2005-06,San Jose Sharks,NHL,82,56,37,93,58,23,11,4,5,9,8,Jonathan Cheechoo,Right Wing,NA,NA,NA,NA,NA,NA,NA,NA,NA,NA
2006-07,San Jose Sharks,NHL,76,37,32,69,69,11,11,3,3,6,6,Jonathan Cheechoo,Right Wing,NA,NA,NA,NA,NA,NA,NA,NA,NA,NA
2007-08,San Jose Sharks,NHL,69,23,14,37,46,11,13,4,4,8,4,Jonathan Cheechoo,Right Wing,NA,NA,NA,NA,NA,NA,NA,NA,NA,NA
2008-09,San Jose Sharks,NHL,66,12,17,29,59,-3,6,1,1,2,4,Jonathan Cheechoo,Right Wing,NA,NA,NA,NA,NA,NA,NA,NA,NA,NA
2009-10,Ottawa Senators,NHL,61,5,9,14,20,-13,1,0,0,0,0,Jonathan Cheechoo,Right Wing,NA,NA,NA,NA,NA,NA,NA,NA,NA,NA
2009-10,Binghamton Senators,AHL,25,8,6,14,37,-7,--,--,--,--,--,Jonathan Cheechoo,Right Wing,NA,NA,NA,NA,NA,NA,NA,NA,NA,NA
2010-11,Worcester Sharks,AHL,55,18,29,47,14,-11,--,--,--,--,--,Jonathan Cheechoo,Right Wing,NA,NA,NA,NA,NA,NA,NA,NA,NA,NA
2011-12,Peoria Rivermen,AHL,70,25,31,56,24,3,--,--,--,--,--,Jonathan Cheechoo,Right Wing,NA,NA,NA,NA,NA,NA,NA,NA,NA,NA
2012-13,Oklahoma City Barons,AHL,35,13,19,32,16,6,17,3,9,12,8,Jonathan Cheechoo,Right Wing,NA,NA,NA,NA,NA,NA,NA,NA,NA,NA
2013-14,Zagreb Medvescak KHL,KHL,54,19,19,38,40,1,4,0,2,2,8,Jonathan Cheechoo,Right Wing,NA,NA,NA,NA,NA,NA,NA,NA,NA,NA
2014-15,Minsk Dynamo,KHL,49,24,24,48,34,9,5,0,1,1,18,Jonathan Cheechoo,Right Wing,NA,NA,NA,NA,NA,NA,NA,NA,NA,NA
2015-16,Minsk Dynamo,KHL,54,16,22,38,28,-15,--,--,--,--,--,Jonathan Cheechoo,Right Wing,NA,NA,NA,NA,NA,NA,NA,NA,NA,NA
2016-17,Bratislava Slovan,KHL,60,14,26,40,40,1,--,--,--,--,--,Jonathan Cheechoo,Right Wing,NA,NA,NA,NA,NA,NA,NA,NA,NA,NA
1995-96,Fort Saskatchewan Traders,AJHL,10,0,2,2,19,--,,,,,,Kyle Rossiter,Defense,NA,NA,NA,NA,NA,NA,NA,NA,NA,NA
1996-97,Spokane Chiefs,WHL,50,0,2,2,65,--,9,0,0,0,6,Kyle Rossiter,Defense,NA,NA,NA,NA,NA,NA,NA,NA,NA,NA
1997-98,Spokane Chiefs,WHL,61,6,16,22,190,--,15,0,3,3,28,Kyle Rossiter,Defense,NA,NA,NA,NA,NA,NA,NA,NA,NA,NA
1998-99,Spokane Chiefs,WHL,71,4,17,21,206,-29,--,--,--,--,--,Kyle Rossiter,Defense,NA,NA,NA,NA,NA,NA,NA,NA,NA,NA
1999-00,Spokane Chiefs,WHL,63,11,22,33,155,11,15,1,4,5,25,Kyle Rossiter,Defense,NA,NA,NA,NA,NA,NA,NA,NA,NA,NA
2000-01,Louisville Panthers,AHL,78,2,5,7,110,-19,--,--,--,--,--,Kyle Rossiter,Defense,NA,NA,NA,NA,NA,NA,NA,NA,NA,NA
2001-02,Florida Panthers,NHL,2,0,0,0,2,-1,--,--,--,--,--,Kyle Rossiter,Defense,NA,NA,NA,NA,NA,NA,NA,NA,NA,NA
2001-02,Utah Grizzlies,AHL,74,3,7,10,88,-7,5,0,1,1,0,Kyle Rossiter,Defense,NA,NA,NA,NA,NA,NA,NA,NA,NA,NA
2002-03,Florida Panthers,NHL,3,0,0,0,0,-2,--,--,--,--,--,Kyle Rossiter,Defense,NA,NA,NA,NA,NA,NA,NA,NA,NA,NA
2002-03,San Antonio Rampage,AHL,67,0,7,7,107,10,3,0,0,0,0,Kyle Rossiter,Defense,NA,NA,NA,NA,NA,NA,NA,NA,NA,NA
2003-04,San Antonio Rampage,AHL,51,5,7,12,70,-6,--,--,--,--,--,Kyle Rossiter,Defense,NA,NA,NA,NA,NA,NA,NA,NA,NA,NA
2003-04,Florida Panthers,NHL,4,0,0,0,7,-1,--,--,--,--,--,Kyle Rossiter,Defense,NA,NA,NA,NA,NA,NA,NA,NA,NA,NA
2003-04,Chicago Wolves,AHL,12,0,1,1,25,2,6,0,0,0,19,Kyle Rossiter,Defense,NA,NA,NA,NA,NA,NA,NA,NA,NA,NA
2003-04,Atlanta Thrashers,NHL,2,0,1,1,0,1,--,--,--,--,--,Kyle Rossiter,Defense,NA,NA,NA,NA,NA,NA,NA,NA,NA,NA
2004-05,Chicago Wolves,AHL,33,1,5,6,43,-3,--,--,--,--,--,Kyle Rossiter,Defense,NA,NA,NA,NA,NA,NA,NA,NA,NA,NA
2004-05,Wilkes-Barre/Scranton Penguins,AHL,9,0,1,1,5,-4,1,0,0,0,0,Kyle Rossiter,Defense,NA,NA,NA,NA,NA,NA,NA,NA,NA,NA
2005-06,KalPa Kuopio,SM-liiga,35,1,5,6,187,-18,--,--,--,--,--,Kyle Rossiter,Defense,NA,NA,NA,NA,NA,NA,NA,NA,NA,NA
2005-06,Asiago HC,Italy-A,3,0,0,0,6,--,6,0,1,1,20,Kyle Rossiter,Defense,NA,NA,NA,NA,NA,NA,NA,NA,NA,NA
1997-98,Moscow Dynamo,Russia,30,1,4,5,4,--,,,,,,Artem Chubarov,Center,NA,NA,NA,NA,NA,NA,NA,NA,NA,NA
1998-99,Moscow Dynamo,Russia,34,8,2,10,10,--,12,0,0,0,4,Artem Chubarov,Center,NA,NA,NA,NA,NA,NA,NA,NA,NA,NA
1999-00,Syracuse Crunch,AHL,14,7,6,13,4,5,1,0,0,0,0,Artem Chubarov,Center,NA,NA,NA,NA,NA,NA,NA,NA,NA,NA
1999-00,Vancouver Canucks,NHL,49,1,8,9,10,-4,--,--,--,--,--,Artem Chubarov,Center,NA,NA,NA,NA,NA,NA,NA,NA,NA,NA
2000-01,Vancouver Canucks,NHL,1,0,0,0,0,-1,--,--,--,--,--,Artem Chubarov,Center,NA,NA,NA,NA,NA,NA,NA,NA,NA,NA
2000-01,Kansas City Blades,IHL,10,7,4,11,12,10,--,--,--,--,--,Artem Chubarov,Center,NA,NA,NA,NA,NA,NA,NA,NA,NA,NA
2001-02,Manitoba Moose,AHL,19,7,12,19,4,8,--,--,--,--,--,Artem Chubarov,Center,NA,NA,NA,NA,NA,NA,NA,NA,NA,NA
2001-02,Vancouver Canucks,NHL,51,5,5,10,10,-3,6,0,1,1,0,Artem Chubarov,Center,NA,NA,NA,NA,NA,NA,NA,NA,NA,NA
2002-03,Vancouver Canucks,NHL,62,7,13,20,6,4,14,0,2,2,4,Artem Chubarov,Center,NA,NA,NA,NA,NA,NA,NA,NA,NA,NA
2003-04,Vancouver Canucks,NHL,65,12,7,19,14,1,7,0,1,1,0,Artem Chubarov,Center,NA,NA,NA,NA,NA,NA,NA,NA,NA,NA
2004-05,Moscow Dynamo,Russia,28,4,10,14,10,--,--,--,--,--,--,Artem Chubarov,Center,NA,NA,NA,NA,NA,NA,NA,NA,NA,NA
2005-06,Omsk Avangard,Russia,47,10,13,23,36,--,11,5,3,8,10,Artem Chubarov,Center,NA,NA,NA,NA,NA,NA,NA,NA,NA,NA
2006-07,Omsk Avangard,Russia,40,9,27,36,4,--,11,3,5,8,22,Artem Chubarov,Center,NA,NA,NA,NA,NA,NA,NA,NA,NA,NA
2007-08,Omsk Avangard,Russia,47,10,23,33,34,--,1,0,0,0,0,Artem Chubarov,Center,NA,NA,NA,NA,NA,NA,NA,NA,NA,NA
2008-09,Nizhny Novgorod Torpedo,KHL,40,4,17,21,2,-4,3,0,0,0,2,Artem Chubarov,Center,NA,NA,NA,NA,NA,NA,NA,NA,NA,NA
2009-10,Moscow Dynamo,KHL,2,0,0,0,0,-1,--,--,--,--,--,Artem Chubarov,Center,NA,NA,NA,NA,NA,NA,NA,NA,NA,NA
1994-95,Langley Thunder,BCJHL,13,0,1,1,23,--,,,,,,Stephen Peat,Right Wing,NA,NA,NA,NA,NA,NA,NA,NA,NA,NA
1995-96,Red Deer Rebels,WHL,1,0,0,0,0,--,--,--,--,--,--,Stephen Peat,Right Wing,NA,NA,NA,NA,NA,NA,NA,NA,NA,NA
1996-97,Red Deer Rebels,WHL,68,3,14,17,161,--,16,0,2,2,22,Stephen Peat,Right Wing,NA,NA,NA,NA,NA,NA,NA,NA,NA,NA
1997-98,Red Deer Rebels,WHL,63,6,12,18,189,--,5,0,0,0,8,Stephen Peat,Right Wing,NA,NA,NA,NA,NA,NA,NA,NA,NA,NA
1998-99,Red Deer Rebels,WHL,31,2,6,8,98,-4,--,--,--,--,--,Stephen Peat,Right Wing,NA,NA,NA,NA,NA,NA,NA,NA,NA,NA
1998-99,Tri-City Americans,WHL,5,0,0,0,19,5,--,--,--,--,--,Stephen Peat,Right Wing,NA,NA,NA,NA,NA,NA,NA,NA,NA,NA
1999-00,Tri-City Americans,WHL,12,0,2,2,48,2,--,--,--,--,--,Stephen Peat,Right Wing,NA,NA,NA,NA,NA,NA,NA,NA,NA,NA
1999-00,Calgary Hitmen,WHL,23,0,8,8,100,17,13,0,1,1,33,Stephen Peat,Right Wing,NA,NA,NA,NA,NA,NA,NA,NA,NA,NA
2000-01,Portland Pirates,AHL,6,0,0,0,16,-2,--,--,--,--,--,Stephen Peat,Right Wing,NA,NA,NA,NA,NA,NA,NA,NA,NA,NA
2001-02,Washington Capitals,NHL,38,2,2,4,85,-1,--,--,--,--,--,Stephen Peat,Right Wing,NA,NA,NA,NA,NA,NA,NA,NA,NA,NA
2001-02,Portland Pirates,AHL,17,2,2,4,57,-2,--,--,--,--,--,Stephen Peat,Right Wing,NA,NA,NA,NA,NA,NA,NA,NA,NA,NA
2002-03,Washington Capitals,NHL,27,1,0,1,57,-3,--,--,--,--,--,Stephen Peat,Right Wing,NA,NA,NA,NA,NA,NA,NA,NA,NA,NA
2002-03,Portland Pirates,AHL,18,0,0,0,52,-5,--,--,--,--,--,Stephen Peat,Right Wing,NA,NA,NA,NA,NA,NA,NA,NA,NA,NA
2003-04,Washington Capitals,NHL,64,5,0,5,90,-10,--,--,--,--,--,Stephen Peat,Right Wing,NA,NA,NA,NA,NA,NA,NA,NA,NA,NA
2004-05,Danbury Trashers,UHL,7,0,1,1,45,-1,--,--,--,--,--,Stephen Peat,Right Wing,NA,NA,NA,NA,NA,NA,NA,NA,NA,NA
2005-06,Washington Capitals,NHL,1,0,0,0,2,-2,--,--,--,--,--,Stephen Peat,Right Wing,NA,NA,NA,NA,NA,NA,NA,NA,NA,NA
2005-06,Hershey Bears,AHL,5,0,1,1,7,3,--,--,--,--,--,Stephen Peat,Right Wing,NA,NA,NA,NA,NA,NA,NA,NA,NA,NA
2005-06,Lowell Lock Monsters,AHL,3,1,1,2,23,-2,--,--,--,--,--,Stephen Peat,Right Wing,NA,NA,NA,NA,NA,NA,NA,NA,NA,NA
2006-07,Albany River Rats,AHL,1,0,0,0,0,0,--,--,--,--,--,Stephen Peat,Right Wing,NA,NA,NA,NA,NA,NA,NA,NA,NA,NA
1996-97,Prince George Cougars,WHL,58,12,18,30,19,--,15,2,2,4,6,Blair Betts,Center,NA,NA,NA,NA,NA,NA,NA,NA,NA,NA
1997-98,Prince George Cougars,WHL,71,35,41,76,38,--,11,4,6,10,8,Blair Betts,Center,NA,NA,NA,NA,NA,NA,NA,NA,NA,NA
1998-99,Prince George Cougars,WHL,42,20,22,42,39,2,7,3,2,5,8,Blair Betts,Center,NA,NA,NA,NA,NA,NA,NA,NA,NA,NA
1999-00,Prince George Cougars,WHL,44,24,35,59,38,19,13,11,11,22,6,Blair Betts,Center,NA,NA,NA,NA,NA,NA,NA,NA,NA,NA
2000-01,Saint John Flames,AHL,75,13,15,28,28,6,19,2,3,5,4,Blair Betts,Center,NA,NA,NA,NA,NA,NA,NA,NA,NA,NA
2001-02,Calgary Flames,NHL,6,1,0,1,2,-1,--,--,--,--,--,Blair Betts,Center,NA,NA,NA,NA,NA,NA,NA,NA,NA,NA
2001-02,Saint John Flames,AHL,67,20,29,49,10,-3,--,--,--,--,--,Blair Betts,Center,NA,NA,NA,NA,NA,NA,NA,NA,NA,NA
2002-03,Calgary Flames,NHL,9,1,3,4,0,3,--,--,--,--,--,Blair Betts,Center,NA,NA,NA,NA,NA,NA,NA,NA,NA,NA
2002-03,Saint John Flames,AHL,19,6,7,13,6,2,--,--,--,--,--,Blair Betts,Center,NA,NA,NA,NA,NA,NA,NA,NA,NA,NA
2003-04,Calgary Flames,NHL,20,1,2,3,10,-1,--,--,--,--,--,Blair Betts,Center,NA,NA,NA,NA,NA,NA,NA,NA,NA,NA
2004-05,Hartford Wolf Pack,AHL,16,5,4,9,4,3,--,--,--,--,--,Blair Betts,Center,NA,NA,NA,NA,NA,NA,NA,NA,NA,NA
2005-06,New York Rangers,NHL,66,8,2,10,24,-10,4,1,1,2,2,Blair Betts,Center,NA,NA,NA,NA,NA,NA,NA,NA,NA,NA
2006-07,New York Rangers,NHL,82,9,4,13,24,-4,10,0,0,0,4,Blair Betts,Center,NA,NA,NA,NA,NA,NA,NA,NA,NA,NA
2007-08,New York Rangers,NHL,75,2,5,7,20,-4,8,0,0,0,2,Blair Betts,Center,NA,NA,NA,NA,NA,NA,NA,NA,NA,NA
2008-09,New York Rangers,NHL,81,6,4,10,16,-5,6,0,0,0,0,Blair Betts,Center,NA,NA,NA,NA,NA,NA,NA,NA,NA,NA
2009-10,Philadelphia Flyers,NHL,63,8,10,18,14,7,23,1,1,2,4,Blair Betts,Center,NA,NA,NA,NA,NA,NA,NA,NA,NA,NA
2010-11,Philadelphia Flyers,NHL,75,5,7,12,8,-3,11,0,0,0,0,Blair Betts,Center,NA,NA,NA,NA,NA,NA,NA,NA,NA,NA
1995-96,Oakville Blades,OPJHL,5,1,2,3,24,--,,,,,,Andrew Peters,Left Wing,NA,NA,NA,NA,NA,NA,NA,NA,NA,NA
1996-97,Georgetown Raiders,OPJHL,46,11,16,27,105,--,,,,,,Andrew Peters,Left Wing,NA,NA,NA,NA,NA,NA,NA,NA,NA,NA
1997-98,Oshawa Generals,OHL,60,11,7,18,220,--,7,2,0,2,19,Andrew Peters,Left Wing,NA,NA,NA,NA,NA,NA,NA,NA,NA,NA
1998-99,Oshawa Generals,OHL,54,14,10,24,137,2,15,2,7,9,36,Andrew Peters,Left Wing,NA,NA,NA,NA,NA,NA,NA,NA,NA,NA
1999-00,Kitchener Rangers,OHL,42,6,13,19,95,-1,4,0,1,1,14,Andrew Peters,Left Wing,NA,NA,NA,NA,NA,NA,NA,NA,NA,NA
2000-01,Rochester Americans,AHL,49,0,4,4,118,-2,--,--,--,--,--,Andrew Peters,Left Wing,NA,NA,NA,NA,NA,NA,NA,NA,NA,NA
2001-02,Rochester Americans,AHL,67,4,1,5,388,-2,--,--,--,--,--,Andrew Peters,Left Wing,NA,NA,NA,NA,NA,NA,NA,NA,NA,NA
2002-03,Rochester Americans,AHL,57,3,0,3,223,-16,3,0,0,0,24,Andrew Peters,Left Wing,NA,NA,NA,NA,NA,NA,NA,NA,NA,NA
2003-04,Buffalo Sabres,NHL,42,2,0,2,151,-3,--,--,--,--,--,Andrew Peters,Left Wing,NA,NA,NA,NA,NA,NA,NA,NA,NA,NA
2005-06,Buffalo Sabres,NHL,28,0,0,0,100,-2,--,--,--,--,--,Andrew Peters,Left Wing,NA,NA,NA,NA,NA,NA,NA,NA,NA,NA
2006-07,Buffalo Sabres,NHL,58,1,1,2,125,-1,--,--,--,--,--,Andrew Peters,Left Wing,NA,NA,NA,NA,NA,NA,NA,NA,NA,NA
2007-08,Buffalo Sabres,NHL,44,1,1,2,100,-4,--,--,--,--,--,Andrew Peters,Left Wing,NA,NA,NA,NA,NA,NA,NA,NA,NA,NA
2008-09,Buffalo Sabres,NHL,28,0,1,1,81,-2,--,--,--,--,--,Andrew Peters,Left Wing,NA,NA,NA,NA,NA,NA,NA,NA,NA,NA
2009-10,New Jersey Devils,NHL,29,0,0,0,93,-5,--,--,--,--,--,Andrew Peters,Left Wing,NA,NA,NA,NA,NA,NA,NA,NA,NA,NA
2010-11,Rochester Americans,AHL,2,0,0,0,4,-1,--,--,--,--,--,Andrew Peters,Left Wing,NA,NA,NA,NA,NA,NA,NA,NA,NA,NA
1997-98,Dukla Jihlava,Czech,1,0,0,0,0,--,--,--,--,--,--,Petr Svoboda,Defense,NA,NA,NA,NA,NA,NA,NA,NA,NA,NA
1998-99,Dukla Jihlava,Czech,40,1,5,6,28,--,--,--,--,--,--,Petr Svoboda,Defense,NA,NA,NA,NA,NA,NA,NA,NA,NA,NA
1999-00,Trinec Ocelari HC,Czech,46,1,2,3,44,--,3,0,0,0,0,Petr Svoboda,Defense,NA,NA,NA,NA,NA,NA,NA,NA,NA,NA
2000-01,St. John's Maple Leafs,AHL,38,7,7,14,48,14,4,0,0,0,4,Petr Svoboda,Defense,NA,NA,NA,NA,NA,NA,NA,NA,NA,NA
2000-01,Toronto Maple Leafs,NHL,18,1,2,3,10,-5,--,--,--,--,--,Petr Svoboda,Defense,NA,NA,NA,NA,NA,NA,NA,NA,NA,NA
2001-02,St. John's Maple Leafs,AHL,74,3,10,13,58,-4,11,0,1,1,6,Petr Svoboda,Defense,NA,NA,NA,NA,NA,NA,NA,NA,NA,NA
2002-03,St. John's Maple Leafs,AHL,3,0,1,1,4,2,--,--,--,--,--,Petr Svoboda,Defense,NA,NA,NA,NA,NA,NA,NA,NA,NA,NA
2002-03,Trinec Ocelari HC,Czech,5,0,1,1,0,0,--,--,--,--,--,Petr Svoboda,Defense,NA,NA,NA,NA,NA,NA,NA,NA,NA,NA
1995-96,Calgary Hitmen,WHL,6,0,0,0,0,--,--,--,--,--,--,Chris Nielsen,Center,NA,NA,NA,NA,NA,NA,NA,NA,NA,NA
1996-97,Calgary Hitmen,WHL,62,11,19,30,39,--,--,--,--,--,--,Chris Nielsen,Center,NA,NA,NA,NA,NA,NA,NA,NA,NA,NA
1997-98,Calgary Hitmen,WHL,68,22,29,51,31,--,18,2,4,6,10,Chris Nielsen,Center,NA,NA,NA,NA,NA,NA,NA,NA,NA,NA
1998-99,Calgary Hitmen,WHL,70,22,24,46,45,17,21,11,5,16,28,Chris Nielsen,Center,NA,NA,NA,NA,NA,NA,NA,NA,NA,NA
1999-00,Calgary Hitmen,WHL,62,38,31,69,86,35,13,14,9,23,20,Chris Nielsen,Center,NA,NA,NA,NA,NA,NA,NA,NA,NA,NA
2000-01,Syracuse Crunch,AHL,47,10,11,21,24,-8,5,2,2,4,4,Chris Nielsen,Center,NA,NA,NA,NA,NA,NA,NA,NA,NA,NA
2000-01,Columbus Blue Jackets,NHL,29,4,5,9,4,4,--,--,--,--,--,Chris Nielsen,Center,NA,NA,NA,NA,NA,NA,NA,NA,NA,NA
2001-02,Columbus Blue Jackets,NHL,23,2,3,5,4,-3,--,--,--,--,--,Chris Nielsen,Center,NA,NA,NA,NA,NA,NA,NA,NA,NA,NA
2001-02,Syracuse Crunch,AHL,47,12,12,24,18,-2,10,2,2,4,2,Chris Nielsen,Center,NA,NA,NA,NA,NA,NA,NA,NA,NA,NA
2002-03,Syracuse Crunch,AHL,19,1,3,4,8,-1,--,--,--,--,--,Chris Nielsen,Center,NA,NA,NA,NA,NA,NA,NA,NA,NA,NA
2002-03,Chicago Wolves,AHL,18,3,4,7,4,2,--,--,--,--,--,Chris Nielsen,Center,NA,NA,NA,NA,NA,NA,NA,NA,NA,NA
2002-03,Manitoba Moose,AHL,33,3,10,13,13,2,14,1,2,3,16,Chris Nielsen,Center,NA,NA,NA,NA,NA,NA,NA,NA,NA,NA
2003-04,Manitoba Moose,AHL,72,4,7,11,21,-1,--,--,--,--,--,Chris Nielsen,Center,NA,NA,NA,NA,NA,NA,NA,NA,NA,NA
2004-05,Laredo Bucks,CHL,7,0,4,4,4,-1,--,--,--,--,--,Chris Nielsen,Center,NA,NA,NA,NA,NA,NA,NA,NA,NA,NA
2004-05,San Antonio Rampage,AHL,54,8,8,16,20,-8,--,--,--,--,--,Chris Nielsen,Center,NA,NA,NA,NA,NA,NA,NA,NA,NA,NA
2005-06,Kassel Huskies,DEL,38,4,11,15,32,-25,--,--,--,--,--,Chris Nielsen,Center,NA,NA,NA,NA,NA,NA,NA,NA,NA,NA
